record_type,game_pk,game_date,season,ref,venue,batting_team,fielding_team,home_away_batting,home_away_pitching,day_night,batter,batter_id,bat_side,batter_split,pitcher,pitcher_id,pitch_hand,pitcher_split,men_on_base,event,event_type,rbi,is_out,is_scoring,total_outs,description,pitch_type,pitch_call,speed_mph,spin_rate,break_vertical,break_horizontal,launch_speed,launch_angle,total_distance,trajectory,hardness
pitch,824133,2026-04-02,2026,202604,Kauffman Stadium,Minnesota Twins,Kansas City Royals,away,home,day,Austin Martin,668885,R,vs_LHP,Cole Ragans,666142,L,vs_RHB,Empty,Strikeout,strikeout,0,True,False,1,Austin Martin strikes out swinging.,Changeup,Swinging Strike,83.8,2170.0,-25.3,-14.9,,,,,
pitch,824133,2026-04-02,2026,202604,Kauffman Stadium,Minnesota Twins,Kansas City Royals,away,home,day,Byron Buxton,621439,R,vs_LHP,Cole Ragans,666142,L,vs_RHB,Empty,Flyout,field_out,0,True,False,1,Byron Buxton flies out to right fielder Lane Thomas.,Changeup,"In play, out(s)",84.5,2287.0,-25.6,-19.8,86.5,57.0,234.0,fly_ball,medium
pitch,824133,2026-04-02,2026,202604,Kauffman Stadium,Minnesota Twins,Kansas City Royals,away,home,day,Luke Keaschall,807712,R,vs_LHP,Cole Ragans,666142,L,vs_RHB,Men_On,Single,single,0,False,False,0,Luke Keaschall singles on a ground ball to second baseman Jonathan India.,Changeup,"In play, no out",84.4,2101.0,-26.4,-15.2,68.0,11.0,113.0,ground_ball,medium
pitch,824133,2026-04-02,2026,202604,Kauffman Stadium,Minnesota Twins,Kansas City Royals,away,home,day,Matt Wallner,670242,L,vs_LHP,Cole Ragans,666142,L,vs_LHB,Empty,Flyout,field_out,0,True,False,1,Matt Wallner flies out to center fielder Kyle Isbel.,Four-Seam Fastball,"In play, out(s)",96.1,2626.0,-11.0,-12.5,84.4,35.0,306.0,fly_ball,medium
pitch,824133,2026-04-02,2026,202604,Kauffman Stadium,Kansas City Royals,Minnesota Twins,home,away,day,Maikel Garcia,672580,R,vs_RHP,Taj Bradley,671737,R,vs_RHB,Empty,Groundout,field_out,0,True,False,1,"Maikel Garcia grounds out, shortstop Tristan Gray to first baseman Kody Clemens.",Four-Seam Fastball,"In play, out(s)",98.3,2325.0,-9.6,0.5,110.2,6.0,130.0,ground_ball,medium
pitch,824133,2026-04-02,2026,202604,Kauffman Stadium,Kansas City Royals,Minnesota Twins,home,away,day,Bobby Witt Jr.,677951,R,vs_RHP,Taj Bradley,671737,R,vs_RHB,Empty,Strikeout,strikeout,0,True,False,1,Bobby Witt Jr. strikes out swinging.,Cutter,Swinging Strike,90.9,2123.0,-27.1,-5.5,,,,,
pitch,824133,2026-04-02,2026,202604,Kauffman Stadium,Kansas City Royals,Minnesota Twins,home,away,day,Vinnie Pasquantino,686469,L,vs_RHP,Taj Bradley,671737,R,vs_LHB,Empty,Groundout,field_out,0,True,False,1,"Vinnie Pasquantino grounds out, second baseman Luke Keaschall to first baseman Kody Clemens.",Four-Seam Fastball,"In play, out(s)",96.4,2278.0,-8.0,2.8,98.4,-15.0,13.0,ground_ball,medium
pitch,824133,2026-04-02,2026,202604,Kauffman Stadium,Minnesota Twins,Kansas City Royals,away,home,day,Victor Caratini,605170,R,vs_LHP,Cole Ragans,666142,L,vs_RHB,Men_On,Single,single,0,False,False,0,Victor Caratini singles on a line drive to left fielder Isaac Collins.,Cutter,"In play, no out",90.6,2443.0,-20.3,-5.8,90.9,15.0,201.0,line_drive,medium
pitch,824133,2026-04-02,2026,202604,Kauffman Stadium,Minnesota Twins,Kansas City Royals,away,home,day,Kody Clemens,665019,L,vs_LHP,Cole Ragans,666142,L,vs_LHB,RISP,Single,single,0,True,False,2,"Kody Clemens singles on a ground ball to right fielder Lane Thomas. Victor Caratini out at 3rd on the throw, right fielder Lane Thomas to third baseman Maikel Garcia. Kody Clemens to 2nd.",Four-Seam Fastball,"In play, out(s)",95.3,2479.0,-12.6,-13.4,83.8,8.0,107.0,ground_ball,medium
pitch,824133,2026-04-02,2026,202604,Kauffman Stadium,Minnesota Twins,Kansas City Royals,away,home,day,Josh Bell,605137,R,vs_LHP,Cole Ragans,666142,L,vs_RHB,RISP,Strikeout,strikeout,0,True,False,1,Josh Bell strikes out swinging.,Slider,Swinging Strike,84.9,2707.0,-39.4,-1.9,,,,,
pitch,824133,2026-04-02,2026,202604,Kauffman Stadium,Minnesota Twins,Kansas City Royals,away,home,day,Royce Lewis,668904,R,vs_LHP,Cole Ragans,666142,L,vs_RHB,Empty,Strikeout,strikeout,0,True,False,1,Royce Lewis strikes out swinging.,Four-Seam Fastball,Swinging Strike,95.4,2605.0,-10.7,-11.2,,,,,
pitch,824133,2026-04-02,2026,202604,Kauffman Stadium,Kansas City Royals,Minnesota Twins,home,away,day,Salvador Perez,521692,R,vs_RHP,Taj Bradley,671737,R,vs_RHB,Empty,Groundout,field_out,0,True,False,1,"Salvador Perez grounds out, third baseman Royce Lewis to first baseman Kody Clemens.",Four-Seam Fastball,"In play, out(s)",95.8,2301.0,-9.4,4.6,83.8,8.0,110.0,ground_ball,medium
pitch,824133,2026-04-02,2026,202604,Kauffman Stadium,Kansas City Royals,Minnesota Twins,home,away,day,Jac Caglianone,695506,L,vs_RHP,Taj Bradley,671737,R,vs_LHB,Empty,Groundout,field_out,0,True,False,1,Jac Caglianone grounds out to first baseman Kody Clemens.,Curveball,"In play, out(s)",81.9,2843.0,-58.7,-2.0,89.1,-38.0,4.0,ground_ball,medium
pitch,824133,2026-04-02,2026,202604,Kauffman Stadium,Kansas City Royals,Minnesota Twins,home,away,day,Jonathan India,663697,R,vs_RHP,Taj Bradley,671737,R,vs_RHB,Empty,Flyout,field_out,0,True,False,1,Jonathan India flies out to center fielder Byron Buxton.,Splitter,"In play, out(s)",92.7,1690.0,-23.8,7.8,92.1,28.0,366.0,fly_ball,medium
pitch,824133,2026-04-02,2026,202604,Kauffman Stadium,Minnesota Twins,Kansas City Royals,away,home,day,Tristan Gray,656484,L,vs_LHP,Cole Ragans,666142,L,vs_LHB,Empty,Strikeout,strikeout,0,True,False,1,Tristan Gray strikes out swinging.,Four-Seam Fastball,Swinging Strike,94.9,2496.0,-14.0,-13.1,,,,,
pitch,824133,2026-04-02,2026,202604,Kauffman Stadium,Minnesota Twins,Kansas City Royals,away,home,day,Austin Martin,668885,R,vs_LHP,Cole Ragans,666142,L,vs_RHB,Empty,Lineout,field_out,0,True,False,1,Austin Martin lines out to left fielder Isaac Collins.,Four-Seam Fastball,"In play, out(s)",94.9,2563.0,-13.3,-10.7,83.7,28.0,295.0,line_drive,medium
pitch,824133,2026-04-02,2026,202604,Kauffman Stadium,Minnesota Twins,Kansas City Royals,away,home,day,Byron Buxton,621439,R,vs_LHP,Cole Ragans,666142,L,vs_RHB,Empty,Strikeout,strikeout,0,True,False,1,Byron Buxton strikes out on a foul tip.,Four-Seam Fastball,Foul Tip,97.3,2556.0,-13.3,-11.3,,,,,
pitch,824133,2026-04-02,2026,202604,Kauffman Stadium,Kansas City Royals,Minnesota Twins,home,away,day,Isaac Collins,686555,L,vs_RHP,Taj Bradley,671737,R,vs_LHB,Empty,Flyout,field_out,0,True,False,1,Isaac Collins flies out sharply to center fielder Byron Buxton.,Four-Seam Fastball,"In play, out(s)",96.6,2374.0,-10.6,3.6,100.8,24.0,374.0,fly_ball,hard
pitch,824133,2026-04-02,2026,202604,Kauffman Stadium,Kansas City Royals,Minnesota Twins,home,away,day,Lane Thomas,657041,R,vs_RHP,Taj Bradley,671737,R,vs_RHB,Empty,Pop Out,field_out,0,True,False,1,Lane Thomas pops out to second baseman Luke Keaschall.,Four-Seam Fastball,"In play, out(s)",97.8,2408.0,-7.4,8.0,86.4,78.0,72.0,popup,medium
pitch,824133,2026-04-02,2026,202604,Kauffman Stadium,Kansas City Royals,Minnesota Twins,home,away,day,Kyle Isbel,664728,L,vs_RHP,Taj Bradley,671737,R,vs_LHB,Men_On,Single,single,0,False,False,0,Kyle Isbel singles on a sharp line drive to left fielder Austin Martin.,Four-Seam Fastball,"In play, no out",95.9,2246.0,-12.1,4.4,102.4,13.0,272.0,line_drive,hard
pitch,824133,2026-04-02,2026,202604,Kauffman Stadium,Kansas City Royals,Minnesota Twins,home,away,day,Maikel Garcia,672580,R,vs_RHP,Taj Bradley,671737,R,vs_RHB,RISP,Walk,walk,0,False,False,0,Maikel Garcia walks. Kyle Isbel to 2nd.,Curveball,Ball In Dirt,82.7,2570.0,-55.9,-1.0,,,,,
pitch,824133,2026-04-02,2026,202604,Kauffman Stadium,Kansas City Royals,Minnesota Twins,home,away,day,Bobby Witt Jr.,677951,R,vs_RHP,Taj Bradley,671737,R,vs_RHB,Empty,Strikeout,strikeout,0,True,False,1,Bobby Witt Jr. called out on strikes.,Four-Seam Fastball,Called Strike,100.0,2516.0,-4.9,6.2,,,,,
pitch,824133,2026-04-02,2026,202604,Kauffman Stadium,Minnesota Twins,Kansas City Royals,away,home,day,Luke Keaschall,807712,R,vs_LHP,Cole Ragans,666142,L,vs_RHB,Men_On,Single,single,0,False,False,0,Luke Keaschall singles on a ground ball to third baseman Maikel Garcia.,Cutter,"In play, no out",89.2,2495.0,-27.8,-6.0,69.6,-32.0,5.0,ground_ball,medium
pitch,824133,2026-04-02,2026,202604,Kauffman Stadium,Minnesota Twins,Kansas City Royals,away,home,day,Matt Wallner,670242,L,vs_LHP,Cole Ragans,666142,L,vs_LHB,Men_On,Flyout,field_out,0,True,False,1,Matt Wallner flies out to center fielder Kyle Isbel.,Four-Seam Fastball,"In play, out(s)",93.1,2547.0,-12.6,-14.2,74.8,36.0,266.0,fly_ball,medium
pitch,824133,2026-04-02,2026,202604,Kauffman Stadium,Minnesota Twins,Kansas City Royals,away,home,day,Victor Caratini,605170,R,vs_LHP,Cole Ragans,666142,L,vs_RHB,Empty,Grounded Into DP,grounded_into_double_play,0,True,False,2,"Victor Caratini grounds into a double play, shortstop Bobby Witt Jr. to second baseman Jonathan India to first baseman Vinnie Pasquantino. Luke Keaschall out at 2nd. Victor Caratini out at 1st.",Slider,"In play, out(s)",84.5,2712.0,-42.1,0.5,89.8,-2.0,28.0,ground_ball,medium
pitch,824133,2026-04-02,2026,202604,Kauffman Stadium,Kansas City Royals,Minnesota Twins,home,away,day,Vinnie Pasquantino,686469,L,vs_RHP,Taj Bradley,671737,R,vs_LHB,Men_On,Single,single,0,False,False,0,Vinnie Pasquantino singles on a sharp line drive to right fielder Matt Wallner.,Four-Seam Fastball,"In play, no out",97.8,2312.0,-11.2,4.2,104.1,10.0,181.0,line_drive,hard
pitch,824133,2026-04-02,2026,202604,Kauffman Stadium,Kansas City Royals,Minnesota Twins,home,away,day,Salvador Perez,521692,R,vs_RHP,Taj Bradley,671737,R,vs_RHB,Men_On,Flyout,field_out,0,True,False,1,Salvador Perez flies out to right fielder Matt Wallner.,Cutter,"In play, out(s)",90.2,2281.0,-30.6,-7.1,91.1,31.0,314.0,fly_ball,medium
pitch,824133,2026-04-02,2026,202604,Kauffman Stadium,Kansas City Royals,Minnesota Twins,home,away,day,Jac Caglianone,695506,L,vs_RHP,Taj Bradley,671737,R,vs_LHB,RISP,Single,single,0,False,False,0,Jac Caglianone singles on a ground ball to shortstop Tristan Gray. Vinnie Pasquantino to 2nd.,Four-Seam Fastball,"In play, no out",97.8,2290.0,-12.2,2.3,76.6,14.0,145.0,ground_ball,medium
pitch,824133,2026-04-02,2026,202604,Kauffman Stadium,Kansas City Royals,Minnesota Twins,home,away,day,Jonathan India,663697,R,vs_RHP,Taj Bradley,671737,R,vs_RHB,RISP,Flyout,field_out,0,True,False,1,Jonathan India flies out to right fielder Matt Wallner.,Four-Seam Fastball,"In play, out(s)",98.5,2425.0,-8.9,2.8,80.5,50.0,242.0,fly_ball,medium
pitch,824133,2026-04-02,2026,202604,Kauffman Stadium,Kansas City Royals,Minnesota Twins,home,away,day,Isaac Collins,686555,L,vs_RHP,Taj Bradley,671737,R,vs_LHB,Loaded,Single,single,0,False,False,0,Isaac Collins singles on a ground ball to second baseman Luke Keaschall. Vinnie Pasquantino to 3rd. Jac Caglianone to 2nd.,Four-Seam Fastball,"In play, no out",97.1,2301.0,-11.3,3.5,110.6,-2.0,35.0,ground_ball,medium
pitch,824133,2026-04-02,2026,202604,Kauffman Stadium,Kansas City Royals,Minnesota Twins,home,away,day,Lane Thomas,657041,R,vs_RHP,Taj Bradley,671737,R,vs_RHB,Empty,Strikeout,strikeout,0,True,False,1,Lane Thomas strikes out swinging.,Cutter,Swinging Strike,90.2,2196.0,-34.0,-3.8,,,,,
pitch,824133,2026-04-02,2026,202604,Kauffman Stadium,Minnesota Twins,Kansas City Royals,away,home,day,Kody Clemens,665019,L,vs_LHP,Cole Ragans,666142,L,vs_LHB,Men_On,Walk,walk,0,False,False,0,Kody Clemens walks.,Four-Seam Fastball,Ball,90.1,2490.0,-15.8,-12.1,,,,,
pitch,824133,2026-04-02,2026,202604,Kauffman Stadium,Minnesota Twins,Kansas City Royals,away,home,day,Josh Bell,605137,R,vs_LHP,Cole Ragans,666142,L,vs_RHB,Men_On,Flyout,field_out,0,True,False,1,Josh Bell flies out to left fielder Isaac Collins.,Slider,"In play, out(s)",85.6,2594.0,-30.8,-1.0,75.2,39.0,261.0,fly_ball,medium
pitch,824133,2026-04-02,2026,202604,Kauffman Stadium,Minnesota Twins,Kansas City Royals,away,home,day,Royce Lewis,668904,R,vs_LHP,Cole Ragans,666142,L,vs_RHB,Men_On,Strikeout,strikeout,0,True,False,1,Royce Lewis strikes out swinging.,Slider,Swinging Strike,84.8,2669.0,-41.3,-3.1,,,,,
pitch,824133,2026-04-02,2026,202604,Kauffman Stadium,Minnesota Twins,Kansas City Royals,away,home,day,Tristan Gray,656484,L,vs_LHP,Cole Ragans,666142,L,vs_LHB,Empty,Caught Stealing 2B,caught_stealing_2b,0,True,False,2,"Twins challenged (tag play), call on the field was upheld: Kody Clemens caught stealing 2nd base, catcher Salvador Perez to shortstop Bobby Witt Jr.",Slider,Swinging Strike,83.8,2556.0,-38.8,-0.5,,,,,
pitch,824133,2026-04-02,2026,202604,Kauffman Stadium,Kansas City Royals,Minnesota Twins,home,away,day,Kyle Isbel,664728,L,vs_RHP,Taj Bradley,671737,R,vs_LHB,Empty,Pop Out,field_out,0,True,False,1,Kyle Isbel pops out to third baseman Royce Lewis.,Four-Seam Fastball,"In play, out(s)",95.8,2270.0,-12.8,4.7,80.8,75.0,78.0,popup,medium
pitch,824133,2026-04-02,2026,202604,Kauffman Stadium,Kansas City Royals,Minnesota Twins,home,away,day,Maikel Garcia,672580,R,vs_RHP,Taj Bradley,671737,R,vs_RHB,Empty,Lineout,field_out,0,True,False,1,Maikel Garcia lines out to center fielder Byron Buxton.,Splitter,"In play, out(s)",91.3,1483.0,-26.6,6.0,86.4,24.0,319.0,line_drive,medium
pitch,824133,2026-04-02,2026,202604,Kauffman Stadium,Kansas City Royals,Minnesota Twins,home,away,day,Bobby Witt Jr.,677951,R,vs_RHP,Taj Bradley,671737,R,vs_RHB,Empty,Lineout,field_out,0,True,False,1,Bobby Witt Jr. lines out sharply to center fielder Byron Buxton.,Cutter,"In play, out(s)",89.0,2210.0,-32.6,-8.6,110.1,16.0,372.0,line_drive,hard
pitch,824133,2026-04-02,2026,202604,Kauffman Stadium,Minnesota Twins,Kansas City Royals,away,home,day,Tristan Gray,656484,L,vs_LHP,Cole Ragans,666142,L,vs_LHB,Empty,Strikeout,strikeout,0,True,False,1,Tristan Gray called out on strikes.,Four-Seam Fastball,Called Strike,94.5,2618.0,-12.1,-14.2,,,,,
pitch,824133,2026-04-02,2026,202604,Kauffman Stadium,Minnesota Twins,Kansas City Royals,away,home,day,Austin Martin,668885,R,vs_LHP,Cole Ragans,666142,L,vs_RHB,Empty,Strikeout,strikeout,0,True,False,1,Austin Martin strikes out swinging.,Changeup,Swinging Strike,84.7,2208.0,-25.2,-18.8,,,,,
pitch,824133,2026-04-02,2026,202604,Kauffman Stadium,Minnesota Twins,Kansas City Royals,away,home,day,Byron Buxton,621439,R,vs_LHP,Cole Ragans,666142,L,vs_RHB,Empty,Lineout,field_out,0,True,False,1,Byron Buxton lines out sharply to right fielder Lane Thomas.,Four-Seam Fastball,"In play, out(s)",95.6,2644.0,-14.4,-12.5,105.2,21.0,353.0,line_drive,hard
pitch,824133,2026-04-02,2026,202604,Kauffman Stadium,Kansas City Royals,Minnesota Twins,home,away,day,Vinnie Pasquantino,686469,L,vs_RHP,Taj Bradley,671737,R,vs_LHB,Empty,Flyout,field_out,0,True,False,1,Vinnie Pasquantino flies out to right fielder Matt Wallner.,Splitter,"In play, out(s)",90.7,1372.0,-24.6,12.6,93.1,60.0,231.0,fly_ball,medium
pitch,824133,2026-04-02,2026,202604,Kauffman Stadium,Kansas City Royals,Minnesota Twins,home,away,day,Salvador Perez,521692,R,vs_RHP,Taj Bradley,671737,R,vs_RHB,Men_On,Single,single,0,False,False,0,Salvador Perez singles on a ground ball to third baseman Royce Lewis.,Cutter,"In play, no out",90.4,2114.0,-27.6,-2.0,108.5,-27.0,5.0,ground_ball,medium
pitch,824133,2026-04-02,2026,202604,Kauffman Stadium,Kansas City Royals,Minnesota Twins,home,away,day,Jac Caglianone,695506,L,vs_RHP,Taj Bradley,671737,R,vs_LHB,Men_On,Lineout,field_out,0,True,False,1,Jac Caglianone lines out to right fielder Matt Wallner.,Splitter,"In play, out(s)",89.1,1381.0,-29.0,10.2,96.2,19.0,317.0,line_drive,medium
pitch,824133,2026-04-02,2026,202604,Kauffman Stadium,Kansas City Royals,Minnesota Twins,home,away,day,Jonathan India,663697,R,vs_RHP,Taj Bradley,671737,R,vs_RHB,Empty,Flyout,field_out,0,True,False,1,Jonathan India flies out to center fielder Byron Buxton.,Four-Seam Fastball,"In play, out(s)",98.1,2338.0,-12.4,6.0,96.9,25.0,392.0,fly_ball,medium
pitch,824133,2026-04-02,2026,202604,Kauffman Stadium,Minnesota Twins,Kansas City Royals,away,home,day,Luke Keaschall,807712,R,vs_LHP,Matt Strahm,621381,L,vs_RHB,Empty,Strikeout,strikeout,0,True,False,1,"Luke Keaschall strikes out swinging, catcher Salvador Perez to first baseman Vinnie Pasquantino.",Changeup,Swinging Strike (Blocked),83.2,1814.0,-42.0,-21.0,,,,,
pitch,824133,2026-04-02,2026,202604,Kauffman Stadium,Minnesota Twins,Kansas City Royals,away,home,day,Matt Wallner,670242,L,vs_LHP,Matt Strahm,621381,L,vs_LHB,Empty,Strikeout,strikeout,0,True,False,1,Matt Wallner strikes out swinging.,Slider,Swinging Strike,81.1,2715.0,-37.8,5.9,,,,,
pitch,824133,2026-04-02,2026,202604,Kauffman Stadium,Minnesota Twins,Kansas City Royals,away,home,day,Victor Caratini,605170,R,vs_LHP,Matt Strahm,621381,L,vs_RHB,Men_On,Hit By Pitch,hit_by_pitch,0,False,False,0,Victor Caratini hit by pitch.,Slider,Hit By Pitch,80.2,2726.0,-36.8,5.3,,,,,
pitch,824133,2026-04-02,2026,202604,Kauffman Stadium,Minnesota Twins,Kansas City Royals,away,home,day,Kody Clemens,665019,L,vs_LHP,Matt Strahm,621381,L,vs_LHB,Empty,Flyout,field_out,0,True,False,1,Kody Clemens flies out to left fielder Isaac Collins.,Slider,"In play, out(s)",82.3,2749.0,-33.0,-1.6,85.8,30.0,315.0,fly_ball,medium
pitch,824133,2026-04-02,2026,202604,Kauffman Stadium,Kansas City Royals,Minnesota Twins,home,away,day,Isaac Collins,686555,R,vs_LHP,Kody Funderburk,681892,L,vs_RHB,Empty,Strikeout,strikeout,0,True,False,1,Isaac Collins strikes out swinging.,Cutter,Swinging Strike,91.9,2764.0,-17.8,-6.0,,,,,
pitch,824133,2026-04-02,2026,202604,Kauffman Stadium,Kansas City Royals,Minnesota Twins,home,away,day,Lane Thomas,657041,R,vs_LHP,Kody Funderburk,681892,L,vs_RHB,Empty,Pop Out,field_out,0,True,False,1,Lane Thomas pops out to catcher Victor Caratini in foul territory.,Cutter,"In play, out(s)",92.6,2330.0,-17.0,-3.1,64.5,83.0,19.0,popup,medium
pitch,824133,2026-04-02,2026,202604,Kauffman Stadium,Kansas City Royals,Minnesota Twins,home,away,day,Kyle Isbel,664728,L,vs_LHP,Kody Funderburk,681892,L,vs_LHB,Empty,Flyout,field_out,0,True,False,1,Kyle Isbel flies out to left fielder Austin Martin.,Cutter,"In play, out(s)",91.5,2298.0,-17.6,-3.0,90.9,32.0,336.0,fly_ball,medium
pitch,824133,2026-04-02,2026,202604,Kauffman Stadium,Minnesota Twins,Kansas City Royals,away,home,day,Josh Bell,605137,L,vs_RHP,John Schreiber,670167,R,vs_LHB,Men_On,Walk,walk,0,False,False,0,Josh Bell walks.,Sweeper,Ball,82.1,2664.0,-38.9,-20.3,,,,,
pitch,824133,2026-04-02,2026,202604,Kauffman Stadium,Minnesota Twins,Kansas City Royals,away,home,day,Royce Lewis,668904,R,vs_RHP,John Schreiber,670167,R,vs_RHB,RISP,Double,double,0,False,False,0,Royce Lewis doubles (2) on a line drive to left fielder Isaac Collins. Josh Bell to 3rd.,Sweeper,"In play, no out",81.2,2725.0,-45.4,-15.6,98.9,18.0,351.0,line_drive,medium
pitch,824133,2026-04-02,2026,202604,Kauffman Stadium,Minnesota Twins,Kansas City Royals,away,home,day,Tristan Gray,656484,L,vs_RHP,John Schreiber,670167,R,vs_LHB,RISP,Strikeout,strikeout,0,True,False,1,Tristan Gray strikes out swinging.,Sweeper,Swinging Strike,81.4,2735.0,-42.1,-20.8,,,,,
pitch,824133,2026-04-02,2026,202604,Kauffman Stadium,Minnesota Twins,Kansas City Royals,away,home,day,Trevor Larnach,663616,L,vs_RHP,John Schreiber,670167,R,vs_LHB,Loaded,Intent Walk,intent_walk,0,False,False,0,John Schreiber intentionally walks Trevor Larnach.,,Automatic Ball - Intentional,,,,,,,,,
pitch,824133,2026-04-02,2026,202604,Kauffman Stadium,Minnesota Twins,Kansas City Royals,away,home,day,Byron Buxton,621439,R,vs_RHP,John Schreiber,670167,R,vs_RHB,RISP,Sac Fly,sac_fly,1,True,True,1,Byron Buxton out on a sacrifice fly to center fielder Kyle Isbel. Josh Bell scores. Royce Lewis to 3rd.,Cutter,"In play, run(s)",89.8,2369.0,-31.0,1.0,83.1,37.0,286.0,fly_ball,medium
pitch,824133,2026-04-02,2026,202604,Kauffman Stadium,Minnesota Twins,Kansas City Royals,away,home,day,Luke Keaschall,807712,R,vs_RHP,John Schreiber,670167,R,vs_RHB,Empty,Groundout,field_out,0,True,False,1,"Luke Keaschall grounds out, third baseman Maikel Garcia to first baseman Vinnie Pasquantino.",Cutter,"In play, out(s)",86.8,2525.0,-36.8,-2.9,100.3,-5.0,21.0,ground_ball,medium
pitch,824133,2026-04-02,2026,202604,Kauffman Stadium,Kansas City Royals,Minnesota Twins,home,away,day,Maikel Garcia,672580,R,vs_RHP,Cole Sands,663485,R,vs_RHB,Men_On,Single,single,0,False,False,0,Maikel Garcia singles on a ground ball to right fielder Matt Wallner.,Four-Seam Fastball,"In play, no out",95.0,2226.0,-21.2,12.5,92.2,-1.0,51.0,ground_ball,medium
pitch,824133,2026-04-02,2026,202604,Kauffman Stadium,Kansas City Royals,Minnesota Twins,home,away,day,Bobby Witt Jr.,677951,R,vs_RHP,Cole Sands,663485,R,vs_RHB,RISP,Single,single,0,False,False,0,Bobby Witt Jr. singles on a sharp line drive to right fielder Matt Wallner. Maikel Garcia to 3rd.,Curveball,"In play, no out",81.1,2912.0,-46.4,-14.2,100.7,9.0,207.0,line_drive,hard
pitch,824133,2026-04-02,2026,202604,Kauffman Stadium,Kansas City Royals,Minnesota Twins,home,away,day,Vinnie Pasquantino,686469,L,vs_RHP,Cole Sands,663485,R,vs_LHB,Men_On,Sac Fly,sac_fly,1,True,True,1,Vinnie Pasquantino out on a sacrifice fly to right fielder Matt Wallner. Maikel Garcia scores.,Four-Seam Fastball,"In play, run(s)",95.7,2384.0,-17.0,11.4,94.0,53.0,279.0,fly_ball,medium
pitch,824133,2026-04-02,2026,202604,Kauffman Stadium,Kansas City Royals,Minnesota Twins,home,away,day,Salvador Perez,521692,R,vs_RHP,Cole Sands,663485,R,vs_RHB,Men_On,Forceout,force_out,0,True,False,2,"Royals challenged (force play), call on the field was upheld: Salvador Perez grounds into a force out, shortstop Tristan Gray to second baseman Luke Keaschall. Bobby Witt Jr. out at 2nd. Salvador Perez to 1st.",Cutter,"In play, out(s)",88.1,2522.0,-34.1,-4.0,102.6,-12.0,12.0,ground_ball,medium
pitch,824133,2026-04-02,2026,202604,Kauffman Stadium,Kansas City Royals,Minnesota Twins,home,away,day,Jac Caglianone,695506,L,vs_LHP,Taylor Rogers,573124,L,vs_LHB,Empty,Strikeout,strikeout,0,True,False,1,Jac Caglianone strikes out swinging.,Sweeper,Swinging Strike,77.7,2801.0,-46.7,16.2,,,,,
pitch,824133,2026-04-02,2026,202604,Kauffman Stadium,Minnesota Twins,Kansas City Royals,away,home,day,Matt Wallner,670242,L,vs_RHP,Steven Cruz,674444,R,vs_LHB,Empty,Home Run,home_run,1,False,True,0,Matt Wallner homers (2) on a line drive to left center field.,Four-Seam Fastball,"In play, run(s)",96.6,2306.0,-11.3,11.9,106.8,20.0,405.0,line_drive,medium
pitch,824133,2026-04-02,2026,202604,Kauffman Stadium,Minnesota Twins,Kansas City Royals,away,home,day,Victor Caratini,605170,L,vs_RHP,Steven Cruz,674444,R,vs_LHB,Empty,Groundout,field_out,0,True,False,1,"Victor Caratini grounds out, second baseman Jonathan India to first baseman Vinnie Pasquantino.",Four-Seam Fastball,"In play, out(s)",96.8,2161.0,-14.2,8.6,92.3,6.0,120.0,ground_ball,medium
pitch,824133,2026-04-02,2026,202604,Kauffman Stadium,Minnesota Twins,Kansas City Royals,away,home,day,Kody Clemens,665019,L,vs_RHP,Steven Cruz,674444,R,vs_LHB,Empty,Home Run,home_run,1,False,True,0,Kody Clemens homers (1) on a fly ball to left field.,Slider,"In play, run(s)",85.6,2119.0,-36.6,-5.3,102.0,27.0,391.0,fly_ball,medium
pitch,824133,2026-04-02,2026,202604,Kauffman Stadium,Minnesota Twins,Kansas City Royals,away,home,day,Josh Bell,605137,L,vs_RHP,Steven Cruz,674444,R,vs_LHB,Empty,Home Run,home_run,1,False,True,0,Josh Bell homers (2) on a fly ball to right field.,Slider,"In play, run(s)",89.4,2012.0,-30.1,-5.0,104.8,27.0,393.0,fly_ball,medium
pitch,824133,2026-04-02,2026,202604,Kauffman Stadium,Minnesota Twins,Kansas City Royals,away,home,day,Royce Lewis,668904,R,vs_RHP,Steven Cruz,674444,R,vs_RHB,Empty,Strikeout,strikeout,0,True,False,1,Royce Lewis strikes out swinging.,Slider,Swinging Strike,88.6,2138.0,-32.3,-8.4,,,,,
pitch,824133,2026-04-02,2026,202604,Kauffman Stadium,Minnesota Twins,Kansas City Royals,away,home,day,Tristan Gray,656484,L,vs_RHP,Steven Cruz,674444,R,vs_LHB,Empty,Pop Out,field_out,0,True,False,1,Tristan Gray pops out to first baseman Vinnie Pasquantino.,Slider,"In play, out(s)",85.9,2073.0,-37.4,-6.0,84.6,77.0,76.0,popup,medium
pitch,824133,2026-04-02,2026,202604,Kauffman Stadium,Kansas City Royals,Minnesota Twins,home,away,day,Jonathan India,663697,R,vs_RHP,Justin Topa,623437,R,vs_RHB,Men_On,Field Error,field_error,0,False,False,0,Jonathan India reaches on a fielding error by third baseman Royce Lewis.,Sinker,"In play, no out",93.3,2265.0,-30.2,17.9,62.9,-9.0,14.0,ground_ball,medium
pitch,824133,2026-04-02,2026,202604,Kauffman Stadium,Kansas City Royals,Minnesota Twins,home,away,day,Isaac Collins,686555,L,vs_RHP,Justin Topa,623437,R,vs_LHB,RISP,Walk,walk,0,False,False,0,Isaac Collins walks. Jonathan India to 2nd.,Cutter,Ball,90.3,2260.0,-22.9,8.4,,,,,
pitch,824133,2026-04-02,2026,202604,Kauffman Stadium,Kansas City Royals,Minnesota Twins,home,away,day,Lane Thomas,657041,R,vs_RHP,Justin Topa,623437,R,vs_RHB,RISP,Grounded Into DP,grounded_into_double_play,0,True,False,2,"Lane Thomas grounds into a double play, shortstop Tristan Gray to second baseman Luke Keaschall to first baseman Kody Clemens. Jonathan India to 3rd. Isaac Collins out at 2nd. Lane Thomas out at 1st.",Sinker,"In play, out(s)",93.5,2200.0,-30.6,17.5,101.2,-18.0,7.0,ground_ball,medium
pitch,824133,2026-04-02,2026,202604,Kauffman Stadium,Kansas City Royals,Minnesota Twins,home,away,day,Kyle Isbel,664728,L,vs_RHP,Justin Topa,623437,R,vs_LHB,Empty,Strikeout,strikeout,0,True,False,1,Kyle Isbel strikes out swinging.,Changeup,Swinging Strike (Blocked),86.6,1626.0,-46.6,13.3,,,,,
pitch,825105,2026-04-02,2026,202604,Chase Field,Atlanta Braves,Arizona Diamondbacks,away,home,night,Ronald Acuña Jr.,660670,R,vs_RHP,Ryne Nelson,669194,R,vs_RHB,Empty,Strikeout,strikeout,0,True,False,1,Ronald Acuña Jr. strikes out on a foul tip.,Slider,Foul Tip,90.0,2409.0,-32.8,-5.9,,,,,
pitch,825105,2026-04-02,2026,202604,Chase Field,Atlanta Braves,Arizona Diamondbacks,away,home,night,Drake Baldwin,686948,L,vs_RHP,Ryne Nelson,669194,R,vs_LHB,Empty,Lineout,field_out,0,True,False,1,Drake Baldwin lines out sharply to center fielder Alek Thomas.,Four-Seam Fastball,"In play, out(s)",97.2,2289.0,-11.3,2.3,101.3,20.0,350.0,line_drive,hard
pitch,825105,2026-04-02,2026,202604,Chase Field,Atlanta Braves,Arizona Diamondbacks,away,home,night,Matt Olson,621566,L,vs_RHP,Ryne Nelson,669194,R,vs_LHB,Empty,Home Run,home_run,1,False,True,0,Matt Olson homers (1) on a fly ball to center field.,Four-Seam Fastball,"In play, run(s)",97.1,2170.0,-10.9,2.0,108.0,31.0,430.0,fly_ball,medium
pitch,825105,2026-04-02,2026,202604,Chase Field,Atlanta Braves,Arizona Diamondbacks,away,home,night,Austin Riley,663586,R,vs_RHP,Ryne Nelson,669194,R,vs_RHB,Empty,Strikeout,strikeout,0,True,False,1,Austin Riley strikes out on a foul tip.,Slider,Foul Tip,88.9,2502.0,-33.0,-7.4,,,,,
pitch,825105,2026-04-02,2026,202604,Chase Field,Arizona Diamondbacks,Atlanta Braves,home,away,night,Ketel Marte,606466,L,vs_RHP,Reynaldo López,625643,R,vs_LHB,Empty,Groundout,field_out,0,True,False,1,"Ketel Marte grounds out, shortstop Mauricio Dubón to first baseman Matt Olson.",Slider,"In play, out(s)",80.4,2383.0,-42.7,-6.6,75.3,-10.0,11.0,ground_ball,medium
pitch,825105,2026-04-02,2026,202604,Chase Field,Arizona Diamondbacks,Atlanta Braves,home,away,night,Corbin Carroll,682998,L,vs_RHP,Reynaldo López,625643,R,vs_LHB,Empty,Strikeout,strikeout,0,True,False,1,Corbin Carroll strikes out swinging.,Four-Seam Fastball,Swinging Strike,94.7,2110.0,-13.1,8.4,,,,,
pitch,825105,2026-04-02,2026,202604,Chase Field,Arizona Diamondbacks,Atlanta Braves,home,away,night,Geraldo Perdomo,672695,L,vs_RHP,Reynaldo López,625643,R,vs_LHB,RISP,Double,double,0,False,False,0,"Geraldo Perdomo doubles (2) on a ground ball to center fielder Michael Harris II, deflected by first baseman Matt Olson.",Slider,"In play, no out",82.9,2516.0,-43.8,-7.9,87.9,1.0,47.0,ground_ball,medium
pitch,825105,2026-04-02,2026,202604,Chase Field,Arizona Diamondbacks,Atlanta Braves,home,away,night,Gabriel Moreno,672515,R,vs_RHP,Reynaldo López,625643,R,vs_RHB,Empty,Flyout,field_out,0,True,False,1,Gabriel Moreno flies out to right fielder Ronald Acuña Jr.,Four-Seam Fastball,"In play, out(s)",94.5,1963.0,-13.0,4.4,86.4,36.0,297.0,fly_ball,medium
pitch,825105,2026-04-02,2026,202604,Chase Field,Atlanta Braves,Arizona Diamondbacks,away,home,night,Mike Yastrzemski,573262,L,vs_RHP,Ryne Nelson,669194,R,vs_LHB,Empty,Groundout,field_out,0,True,False,1,"Mike Yastrzemski grounds out, second baseman Ketel Marte to first baseman Carlos Santana.",Curveball,"In play, out(s)",81.5,2782.0,-49.3,-8.3,94.1,-18.0,5.0,ground_ball,medium
pitch,825105,2026-04-02,2026,202604,Chase Field,Atlanta Braves,Arizona Diamondbacks,away,home,night,Ozzie Albies,645277,L,vs_RHP,Ryne Nelson,669194,R,vs_LHB,Empty,Flyout,field_out,0,True,False,1,Ozzie Albies flies out to center fielder Alek Thomas.,Cutter,"In play, out(s)",91.3,2154.0,-25.1,-2.2,81.0,35.0,294.0,fly_ball,medium
pitch,825105,2026-04-02,2026,202604,Chase Field,Atlanta Braves,Arizona Diamondbacks,away,home,night,Michael Harris II,671739,L,vs_RHP,Ryne Nelson,669194,R,vs_LHB,Empty,Flyout,field_out,0,True,False,1,Michael Harris II flies out sharply to center fielder Alek Thomas.,Curveball,"In play, out(s)",80.5,2721.0,-50.9,-10.6,101.7,44.0,316.0,fly_ball,hard
pitch,825105,2026-04-02,2026,202604,Chase Field,Arizona Diamondbacks,Atlanta Braves,home,away,night,Alek Thomas,677950,L,vs_RHP,Reynaldo López,625643,R,vs_LHB,Empty,Pop Out,field_out,0,True,False,1,Alek Thomas pops out to catcher Drake Baldwin in foul territory.,Four-Seam Fastball,"In play, out(s)",95.0,1950.0,-13.3,5.4,85.8,85.0,42.0,popup,medium
pitch,825105,2026-04-02,2026,202604,Chase Field,Arizona Diamondbacks,Atlanta Braves,home,away,night,Nolan Arenado,571448,R,vs_RHP,Reynaldo López,625643,R,vs_RHB,Empty,Flyout,field_out,0,True,False,1,Nolan Arenado flies out to left fielder Mike Yastrzemski.,Four-Seam Fastball,"In play, out(s)",94.4,1876.0,-14.9,7.3,98.9,52.0,291.0,fly_ball,medium
pitch,825105,2026-04-02,2026,202604,Chase Field,Arizona Diamondbacks,Atlanta Braves,home,away,night,Carlos Santana,467793,L,vs_RHP,Reynaldo López,625643,R,vs_LHB,Empty,Pop Out,field_out,0,True,False,1,Carlos Santana pops out to third baseman Austin Riley.,Four-Seam Fastball,"In play, out(s)",94.6,1904.0,-15.6,8.0,90.5,65.0,178.0,popup,medium
pitch,825105,2026-04-02,2026,202604,Chase Field,Atlanta Braves,Arizona Diamondbacks,away,home,night,Dominic Smith,642086,L,vs_RHP,Ryne Nelson,669194,R,vs_LHB,Empty,Home Run,home_run,1,False,True,0,Dominic Smith homers (2) on a fly ball to right center field.,Four-Seam Fastball,"In play, run(s)",97.2,2218.0,-10.9,-0.6,109.1,33.0,430.0,fly_ball,medium
pitch,825105,2026-04-02,2026,202604,Chase Field,Atlanta Braves,Arizona Diamondbacks,away,home,night,Mauricio Dubón,643289,R,vs_RHP,Ryne Nelson,669194,R,vs_RHB,Empty,Lineout,field_out,0,True,False,1,Mauricio Dubón lines out to center fielder Alek Thomas.,Four-Seam Fastball,"In play, out(s)",97.3,2467.0,-8.8,1.6,99.5,23.0,365.0,line_drive,medium
pitch,825105,2026-04-02,2026,202604,Chase Field,Atlanta Braves,Arizona Diamondbacks,away,home,night,Ronald Acuña Jr.,660670,R,vs_RHP,Ryne Nelson,669194,R,vs_RHB,Empty,Lineout,field_out,0,True,False,1,Ronald Acuña Jr. lines out sharply to center fielder Alek Thomas.,Four-Seam Fastball,"In play, out(s)",96.2,2339.0,-9.4,3.1,105.3,19.0,353.0,line_drive,hard
pitch,825105,2026-04-02,2026,202604,Chase Field,Atlanta Braves,Arizona Diamondbacks,away,home,night,Drake Baldwin,686948,L,vs_RHP,Ryne Nelson,669194,R,vs_LHB,Empty,Strikeout,strikeout,0,True,False,1,"Drake Baldwin strikes out swinging, catcher Gabriel Moreno to first baseman Carlos Santana.",Slider,Swinging Strike (Blocked),90.9,2376.0,-30.5,-4.3,,,,,
pitch,825105,2026-04-02,2026,202604,Chase Field,Arizona Diamondbacks,Atlanta Braves,home,away,night,Jordan Lawlar,691783,R,vs_RHP,Reynaldo López,625643,R,vs_RHB,Empty,Home Run,home_run,1,False,True,0,Jordan Lawlar homers (1) on a fly ball to left center field.,Four-Seam Fastball,"In play, run(s)",93.6,1956.0,-14.8,6.6,105.5,28.0,424.0,fly_ball,medium
pitch,825105,2026-04-02,2026,202604,Chase Field,Arizona Diamondbacks,Atlanta Braves,home,away,night,Jorge Barrosa,678489,L,vs_RHP,Reynaldo López,625643,R,vs_LHB,Empty,Lineout,field_out,0,True,False,1,Jorge Barrosa lines out to right fielder Ronald Acuña Jr.,Four-Seam Fastball,"In play, out(s)",94.4,1924.0,-13.2,4.9,90.0,24.0,315.0,line_drive,medium
pitch,825105,2026-04-02,2026,202604,Chase Field,Arizona Diamondbacks,Atlanta Braves,home,away,night,Ketel Marte,606466,L,vs_RHP,Reynaldo López,625643,R,vs_LHB,Empty,Groundout,field_out,0,True,False,1,"Ketel Marte grounds out, second baseman Ozzie Albies to first baseman Matt Olson.",Slider,"In play, out(s)",81.0,2329.0,-45.6,-5.6,90.4,-11.0,7.0,ground_ball,medium
pitch,825105,2026-04-02,2026,202604,Chase Field,Arizona Diamondbacks,Atlanta Braves,home,away,night,Corbin Carroll,682998,L,vs_RHP,Reynaldo López,625643,R,vs_LHB,Empty,Strikeout,strikeout,0,True,False,1,Corbin Carroll strikes out swinging.,Slider,Swinging Strike,83.9,2301.0,-39.0,-6.8,,,,,
pitch,825105,2026-04-02,2026,202604,Chase Field,Atlanta Braves,Arizona Diamondbacks,away,home,night,Matt Olson,621566,L,vs_RHP,Ryne Nelson,669194,R,vs_LHB,Empty,Flyout,field_out,0,True,False,1,Matt Olson flies out to right fielder Jorge Barrosa.,Curveball,"In play, out(s)",81.2,2739.0,-49.7,-5.5,87.5,52.0,260.0,fly_ball,medium
pitch,825105,2026-04-02,2026,202604,Chase Field,Atlanta Braves,Arizona Diamondbacks,away,home,night,Austin Riley,663586,R,vs_RHP,Ryne Nelson,669194,R,vs_RHB,Empty,Pop Out,field_out,0,True,False,1,Austin Riley pops out to first baseman Carlos Santana in foul territory.,Slider,"In play, out(s)",89.2,2481.0,-31.2,-5.2,74.8,74.0,96.0,popup,medium
pitch,825105,2026-04-02,2026,202604,Chase Field,Atlanta Braves,Arizona Diamondbacks,away,home,night,Mike Yastrzemski,573262,L,vs_RHP,Ryne Nelson,669194,R,vs_LHB,Empty,Groundout,field_out,0,True,False,1,"Mike Yastrzemski grounds out, second baseman Ketel Marte to first baseman Carlos Santana.",Four-Seam Fastball,"In play, out(s)",96.8,2178.0,-11.2,1.8,102.2,-9.0,19.0,ground_ball,medium
pitch,825105,2026-04-02,2026,202604,Chase Field,Arizona Diamondbacks,Atlanta Braves,home,away,night,Geraldo Perdomo,672695,L,vs_RHP,Reynaldo López,625643,R,vs_LHB,Men_On,Walk,walk,0,False,False,0,Geraldo Perdomo walks.,Slider,Ball,81.7,2273.0,-41.0,-6.5,,,,,
pitch,825105,2026-04-02,2026,202604,Chase Field,Arizona Diamondbacks,Atlanta Braves,home,away,night,Gabriel Moreno,672515,R,vs_RHP,Reynaldo López,625643,R,vs_RHB,Men_On,Forceout,force_out,0,True,False,2,"Gabriel Moreno grounds into a force out, first baseman Matt Olson to shortstop Mauricio Dubón. Geraldo Perdomo out at 2nd. Gabriel Moreno to 1st.",Four-Seam Fastball,"In play, out(s)",93.2,1880.0,-14.9,6.7,36.3,24.0,68.0,ground_ball,medium
pitch,825105,2026-04-02,2026,202604,Chase Field,Arizona Diamondbacks,Atlanta Braves,home,away,night,Alek Thomas,677950,L,vs_RHP,Reynaldo López,625643,R,vs_LHB,Men_On,Forceout,force_out,0,True,False,2,"Alek Thomas grounds into a force out, second baseman Ozzie Albies to shortstop Mauricio Dubón. Gabriel Moreno out at 2nd. Alek Thomas to 1st.",Curveball,"In play, out(s)",76.3,2302.0,-56.0,-6.4,,,,ground_ball,medium
pitch,825105,2026-04-02,2026,202604,Chase Field,Arizona Diamondbacks,Atlanta Braves,home,away,night,Nolan Arenado,571448,R,vs_RHP,Reynaldo López,625643,R,vs_RHB,RISP,Single,single,0,False,False,0,Nolan Arenado singles on a fly ball to right fielder Ronald Acuña Jr. Alek Thomas to 3rd.,Slider,"In play, no out",85.4,2258.0,-36.0,-6.4,61.9,38.0,194.0,fly_ball,medium
pitch,825105,2026-04-02,2026,202604,Chase Field,Arizona Diamondbacks,Atlanta Braves,home,away,night,Carlos Santana,467793,L,vs_RHP,Reynaldo López,625643,R,vs_LHB,Empty,Flyout,field_out,0,True,False,1,Carlos Santana flies out to center fielder Michael Harris II.,Four-Seam Fastball,"In play, out(s)",94.2,1939.0,-13.7,7.7,97.0,34.0,366.0,fly_ball,medium
pitch,825105,2026-04-02,2026,202604,Chase Field,Atlanta Braves,Arizona Diamondbacks,away,home,night,Ozzie Albies,645277,L,vs_RHP,Ryne Nelson,669194,R,vs_LHB,Men_On,Walk,walk,0,False,False,0,"Ozzie Albies challenged (pitch result), call on the field was overturned: Ozzie Albies walks.",Curveball,Ball,79.1,2706.0,-53.5,-8.6,,,,,
pitch,825105,2026-04-02,2026,202604,Chase Field,Atlanta Braves,Arizona Diamondbacks,away,home,night,Michael Harris II,671739,L,vs_RHP,Ryne Nelson,669194,R,vs_LHB,Men_On,Lineout,field_out,0,True,False,1,Michael Harris II lines out to center fielder Alek Thomas.,Four-Seam Fastball,"In play, out(s)",96.2,2243.0,-11.5,1.6,101.1,14.0,309.0,line_drive,medium
pitch,825105,2026-04-02,2026,202604,Chase Field,Atlanta Braves,Arizona Diamondbacks,away,home,night,Dominic Smith,642086,L,vs_RHP,Ryne Nelson,669194,R,vs_LHB,RISP,Walk,walk,0,False,False,0,Dominic Smith walks. Ozzie Albies to 2nd.,Four-Seam Fastball,Ball,97.0,2351.0,-9.4,3.7,,,,,
pitch,825105,2026-04-02,2026,202604,Chase Field,Atlanta Braves,Arizona Diamondbacks,away,home,night,Mauricio Dubón,643289,R,vs_RHP,Ryne Nelson,669194,R,vs_RHB,Loaded,Fielders Choice,fielders_choice,0,False,False,0,"Mauricio Dubón reaches on a fielder's choice, fielded by third baseman Nolan Arenado. Ozzie Albies to 3rd. Dominic Smith to 2nd. Fielding error by third baseman Nolan Arenado.",Slider,"In play, no out",87.9,2321.0,-33.1,-5.6,100.4,1.0,47.0,ground_ball,medium
pitch,825105,2026-04-02,2026,202604,Chase Field,Atlanta Braves,Arizona Diamondbacks,away,home,night,Ronald Acuña Jr.,660670,R,vs_RHP,Ryne Nelson,669194,R,vs_RHB,Loaded,Walk,walk,1,False,True,0,Ronald Acuña Jr. walks. Ozzie Albies scores. Dominic Smith to 3rd. Mauricio Dubón to 2nd.,Four-Seam Fastball,Ball,94.6,2193.0,-12.2,4.8,,,,,
pitch,825105,2026-04-02,2026,202604,Chase Field,Atlanta Braves,Arizona Diamondbacks,away,home,night,Drake Baldwin,686948,L,vs_RHP,Ryne Nelson,669194,R,vs_LHB,RISP,Forceout,force_out,1,True,True,2,"Braves challenged (play at 1st), call on the field was overturned: Braves challenged (force play), call on the field was upheld: Drake Baldwin grounds into a force out, third baseman Nolan Arenado to second baseman Ketel Marte. Dominic Smith scores. Mauricio Dubón to 3rd. Ronald Acuña Jr. out at 2nd. Drake Baldwin to 1st.",Four-Seam Fastball,"In play, run(s)",97.5,2297.0,-9.2,4.7,85.5,-19.0,10.0,ground_ball,medium
pitch,825105,2026-04-02,2026,202604,Chase Field,Atlanta Braves,Arizona Diamondbacks,away,home,night,Matt Olson,621566,L,vs_RHP,Ryne Nelson,669194,R,vs_LHB,RISP,Double,double,1,False,True,0,Matt Olson doubles (3) on a sharp line drive to right fielder Jorge Barrosa. Mauricio Dubón scores. Drake Baldwin to 3rd.,Cutter,"In play, run(s)",90.8,2213.0,-26.6,-4.8,106.8,13.0,250.0,line_drive,hard
pitch,825105,2026-04-02,2026,202604,Chase Field,Atlanta Braves,Arizona Diamondbacks,away,home,night,Austin Riley,663586,R,vs_RHP,Kevin Ginkel,656464,R,vs_RHB,RISP,Double,double,2,False,True,0,Austin Riley doubles (1) on a ground ball to left fielder Jordan Lawlar. Drake Baldwin scores. Matt Olson scores.,Sinker,"In play, run(s)",94.6,2274.0,-19.7,15.7,93.1,-0.0,46.0,ground_ball,medium
pitch,825105,2026-04-02,2026,202604,Chase Field,Atlanta Braves,Arizona Diamondbacks,away,home,night,Mike Yastrzemski,573262,L,vs_RHP,Kevin Ginkel,656464,R,vs_LHB,RISP,Walk,walk,0,False,False,0,Mike Yastrzemski walks.,Slider,Ball,85.1,2361.0,-36.4,-3.7,,,,,
pitch,825105,2026-04-02,2026,202604,Chase Field,Atlanta Braves,Arizona Diamondbacks,away,home,night,Ozzie Albies,645277,L,vs_RHP,Kevin Ginkel,656464,R,vs_LHB,RISP,Single,single,1,False,True,0,Ozzie Albies singles on a fly ball to left fielder Jordan Lawlar. Austin Riley scores. Mike Yastrzemski to 2nd.,Slider,"In play, run(s)",85.1,2456.0,-37.1,-3.4,65.1,38.0,191.0,fly_ball,medium
pitch,825105,2026-04-02,2026,202604,Chase Field,Atlanta Braves,Arizona Diamondbacks,away,home,night,Michael Harris II,671739,L,vs_RHP,Kevin Ginkel,656464,R,vs_LHB,RISP,Double,double,2,False,True,0,Michael Harris II doubles (1) on a sharp line drive to left fielder Jordan Lawlar. Mike Yastrzemski scores. Ozzie Albies scores.,Four-Seam Fastball,"In play, run(s)",95.9,2358.0,-15.8,10.3,102.9,22.0,369.0,line_drive,hard
pitch,825105,2026-04-02,2026,202604,Chase Field,Atlanta Braves,Arizona Diamondbacks,away,home,night,Dominic Smith,642086,L,vs_RHP,Kevin Ginkel,656464,R,vs_LHB,Empty,Groundout,field_out,0,True,False,1,"Dominic Smith grounds out, third baseman Nolan Arenado to first baseman Carlos Santana.",Four-Seam Fastball,"In play, out(s)",94.5,2307.0,-14.8,7.2,94.3,3.0,79.0,ground_ball,medium
pitch,825105,2026-04-02,2026,202604,Chase Field,Arizona Diamondbacks,Atlanta Braves,home,away,night,Jordan Lawlar,691783,R,vs_RHP,Reynaldo López,625643,R,vs_RHB,Empty,Strikeout,strikeout,0,True,False,1,"Drake Baldwin challenged (pitch result), call on the field was overturned: Jordan Lawlar called out on strikes.",Four-Seam Fastball,Called Strike,92.8,1904.0,-15.6,6.4,,,,,
pitch,825105,2026-04-02,2026,202604,Chase Field,Arizona Diamondbacks,Atlanta Braves,home,away,night,Jorge Barrosa,678489,L,vs_RHP,Reynaldo López,625643,R,vs_LHB,RISP,Double,double,0,False,False,0,Jorge Barrosa doubles (2) on a sharp line drive to right fielder Ronald Acuña Jr.,Curveball,"In play, no out",71.9,2110.0,-56.3,-1.9,100.5,20.0,289.0,line_drive,hard
pitch,825105,2026-04-02,2026,202604,Chase Field,Arizona Diamondbacks,Atlanta Braves,home,away,night,Ketel Marte,606466,L,vs_RHP,Reynaldo López,625643,R,vs_LHB,RISP,Groundout,field_out,0,True,False,1,"Ketel Marte grounds out, shortstop Mauricio Dubón to first baseman Matt Olson. Jorge Barrosa to 3rd.",Slider,"In play, out(s)",82.6,2363.0,-42.2,-5.3,109.6,4.0,126.0,ground_ball,medium
pitch,825105,2026-04-02,2026,202604,Chase Field,Arizona Diamondbacks,Atlanta Braves,home,away,night,Corbin Carroll,682998,L,vs_RHP,Reynaldo López,625643,R,vs_LHB,Empty,Groundout,field_out,0,True,False,1,"Corbin Carroll grounds out, second baseman Ozzie Albies to first baseman Matt Olson.",Slider,"In play, out(s)",82.0,2298.0,-44.3,-7.8,80.1,-37.0,4.0,ground_ball,medium
pitch,825105,2026-04-02,2026,202604,Chase Field,Atlanta Braves,Arizona Diamondbacks,away,home,night,Mauricio Dubón,643289,R,vs_RHP,Joe Ross,605452,R,vs_RHB,Empty,Home Run,home_run,1,False,True,0,Mauricio Dubón homers (1) on a fly ball to left center field.,Slider,"In play, run(s)",89.3,1794.0,-28.4,-3.2,101.7,25.0,413.0,fly_ball,medium
pitch,825105,2026-04-02,2026,202604,Chase Field,Atlanta Braves,Arizona Diamondbacks,away,home,night,Ronald Acuña Jr.,660670,R,vs_RHP,Joe Ross,605452,R,vs_RHB,Men_On,Single,single,0,False,False,0,Ronald Acuña Jr. singles on a line drive to center fielder Alek Thomas.,Sinker,"In play, no out",94.9,2065.0,-19.7,14.3,92.5,11.0,157.0,line_drive,medium
pitch,825105,2026-04-02,2026,202604,Chase Field,Atlanta Braves,Arizona Diamondbacks,away,home,night,Drake Baldwin,686948,L,vs_RHP,Joe Ross,605452,R,vs_LHB,Men_On,Forceout,force_out,0,True,False,2,"Drake Baldwin grounds into a force out, pitcher Joe Ross to shortstop Geraldo Perdomo. Ronald Acuña Jr. out at 2nd. Drake Baldwin to 1st.",Slider,"In play, out(s)",90.1,1975.0,-29.4,-0.1,55.6,-27.0,4.0,ground_ball,soft
pitch,825105,2026-04-02,2026,202604,Chase Field,Atlanta Braves,Arizona Diamondbacks,away,home,night,Matt Olson,621566,L,vs_RHP,Joe Ross,605452,R,vs_LHB,RISP,Walk,walk,0,False,False,0,Matt Olson walks. Drake Baldwin to 2nd.,Four-Seam Fastball,Ball,94.8,2014.0,-18.7,7.6,,,,,
pitch,825105,2026-04-02,2026,202604,Chase Field,Atlanta Braves,Arizona Diamondbacks,away,home,night,Austin Riley,663586,R,vs_RHP,Joe Ross,605452,R,vs_RHB,Loaded,Walk,walk,0,False,False,0,Austin Riley walks.,Sinker,Ball,95.7,2068.0,-17.6,14.4,,,,,
pitch,825105,2026-04-02,2026,202604,Chase Field,Atlanta Braves,Arizona Diamondbacks,away,home,night,Mike Yastrzemski,573262,L,vs_RHP,Joe Ross,605452,R,vs_LHB,RISP,Groundout,field_out,1,True,True,1,"Mike Yastrzemski grounds out, first baseman Carlos Santana to pitcher Joe Ross. Drake Baldwin scores. Matt Olson to 3rd. Austin Riley to 2nd.",Splitter,"In play, run(s)",90.8,1724.0,-23.8,14.9,76.3,-3.0,28.0,ground_ball,medium
pitch,825105,2026-04-02,2026,202604,Chase Field,Atlanta Braves,Arizona Diamondbacks,away,home,night,Ozzie Albies,645277,L,vs_RHP,Joe Ross,605452,R,vs_LHB,Empty,Strikeout,strikeout,0,True,False,1,Ozzie Albies called out on strikes.,Slider,Called Strike,88.3,1757.0,-29.9,0.8,,,,,
pitch,825105,2026-04-02,2026,202604,Chase Field,Arizona Diamondbacks,Atlanta Braves,home,away,night,Jose Fernandez,699912,R,vs_RHP,Tyler Kinley,641755,R,vs_RHB,Empty,Groundout,field_out,0,True,False,1,"Jose Fernandez grounds out, third baseman Austin Riley to first baseman Matt Olson.",Slider,"In play, out(s)",86.0,2701.0,-35.3,0.2,92.5,6.0,118.0,ground_ball,medium
pitch,825105,2026-04-02,2026,202604,Chase Field,Arizona Diamondbacks,Atlanta Braves,home,away,night,Gabriel Moreno,672515,R,vs_RHP,Tyler Kinley,641755,R,vs_RHB,Empty,Flyout,field_out,0,True,False,1,Gabriel Moreno flies out to left fielder Mike Yastrzemski.,Slider,"In play, out(s)",87.6,2489.0,-31.4,-0.5,82.3,44.0,291.0,fly_ball,medium
pitch,825105,2026-04-02,2026,202604,Chase Field,Arizona Diamondbacks,Atlanta Braves,home,away,night,Alek Thomas,677950,L,vs_RHP,Tyler Kinley,641755,R,vs_LHB,Empty,Strikeout,strikeout,0,True,False,1,Alek Thomas strikes out on a foul tip.,Curveball,Foul Tip,82.5,2838.0,-53.3,-4.0,,,,,
pitch,825105,2026-04-02,2026,202604,Chase Field,Atlanta Braves,Arizona Diamondbacks,away,home,night,Michael Harris II,671739,L,vs_RHP,Joe Ross,605452,R,vs_LHB,Empty,Groundout,field_out,0,True,False,1,"Michael Harris II grounds out, second baseman Ketel Marte to first baseman Carlos Santana.",Four-Seam Fastball,"In play, out(s)",94.5,2062.0,-18.4,9.8,99.8,-4.0,33.0,ground_ball,medium
pitch,825105,2026-04-02,2026,202604,Chase Field,Atlanta Braves,Arizona Diamondbacks,away,home,night,Dominic Smith,642086,L,vs_RHP,Joe Ross,605452,R,vs_LHB,Empty,Lineout,field_out,0,True,False,1,Dominic Smith lines out to first baseman Carlos Santana.,Four-Seam Fastball,"In play, out(s)",95.2,2123.0,-18.6,8.8,96.1,8.0,127.0,line_drive,medium
pitch,825105,2026-04-02,2026,202604,Chase Field,Atlanta Braves,Arizona Diamondbacks,away,home,night,Mauricio Dubón,643289,R,vs_RHP,Joe Ross,605452,R,vs_RHB,Men_On,Walk,walk,0,False,False,0,Mauricio Dubón walks.,Slider,Ball,88.7,1787.0,-28.6,-0.5,,,,,
pitch,825105,2026-04-02,2026,202604,Chase Field,Atlanta Braves,Arizona Diamondbacks,away,home,night,Ronald Acuña Jr.,660670,R,vs_RHP,Joe Ross,605452,R,vs_RHB,Empty,Pop Out,field_out,0,True,False,1,Ronald Acuña Jr. pops out to first baseman Carlos Santana.,Sinker,"In play, out(s)",93.8,2082.0,-21.0,15.2,74.3,63.0,141.0,popup,medium
pitch,825105,2026-04-02,2026,202604,Chase Field,Arizona Diamondbacks,Atlanta Braves,home,away,night,Ildemaro Vargas,545121,L,vs_RHP,Osvaldo Bido,674370,R,vs_LHB,Men_On,Single,single,0,False,False,0,Ildemaro Vargas singles on a sharp line drive to center fielder Michael Harris II.,Four-Seam Fastball,"In play, no out",93.4,2339.0,-17.6,9.4,102.7,11.0,275.0,line_drive,hard
pitch,825105,2026-04-02,2026,202604,Chase Field,Arizona Diamondbacks,Atlanta Braves,home,away,night,Carlos Santana,467793,L,vs_RHP,Osvaldo Bido,674370,R,vs_LHB,Men_On,Flyout,field_out,0,True,False,1,Carlos Santana flies out to left fielder Mike Yastrzemski.,Changeup,"In play, out(s)",90.3,2070.0,-22.6,16.7,86.9,57.0,243.0,fly_ball,medium
pitch,825105,2026-04-02,2026,202604,Chase Field,Arizona Diamondbacks,Atlanta Braves,home,away,night,Jordan Lawlar,691783,R,vs_RHP,Osvaldo Bido,674370,R,vs_RHB,RISP,Hit By Pitch,hit_by_pitch,0,False,False,0,Jordan Lawlar hit by pitch. Ildemaro Vargas to 2nd.,Sinker,Hit By Pitch,94.3,2310.0,-24.0,15.8,,,,,
pitch,825105,2026-04-02,2026,202604,Chase Field,Arizona Diamondbacks,Atlanta Braves,home,away,night,Jorge Barrosa,678489,L,vs_RHP,Osvaldo Bido,674370,R,vs_LHB,Empty,Grounded Into DP,grounded_into_double_play,0,True,False,2,"Jorge Barrosa grounds into a double play, second baseman Ozzie Albies to shortstop Mauricio Dubón to first baseman Matt Olson. Jordan Lawlar out at 2nd. Jorge Barrosa out at 1st.",Four-Seam Fastball,"In play, out(s)",97.3,2584.0,-12.7,6.5,88.6,-11.0,13.0,ground_ball,medium
pitch,825105,2026-04-02,2026,202604,Chase Field,Atlanta Braves,Arizona Diamondbacks,away,home,night,Drake Baldwin,686948,L,vs_RHP,Andrew Hoffmann,694851,R,vs_LHB,Empty,Flyout,field_out,0,True,False,1,Drake Baldwin flies out to left fielder Tim Tawa in foul territory.,Four-Seam Fastball,"In play, out(s)",94.9,2145.0,-15.5,6.2,81.5,57.0,226.0,fly_ball,medium
pitch,825105,2026-04-02,2026,202604,Chase Field,Atlanta Braves,Arizona Diamondbacks,away,home,night,Matt Olson,621566,L,vs_RHP,Andrew Hoffmann,694851,R,vs_LHB,Empty,Strikeout,strikeout,0,True,False,1,Matt Olson called out on strikes.,Four-Seam Fastball,Called Strike,94.5,2202.0,-15.4,4.0,,,,,
pitch,825105,2026-04-02,2026,202604,Chase Field,Atlanta Braves,Arizona Diamondbacks,away,home,night,Kyle Farmer,571657,R,vs_RHP,Andrew Hoffmann,694851,R,vs_RHB,Men_On,Single,single,0,False,False,0,Kyle Farmer singles on a line drive to left fielder Tim Tawa.,Changeup,"In play, no out",88.3,887.0,-33.1,6.8,85.9,17.0,214.0,line_drive,medium
pitch,825105,2026-04-02,2026,202604,Chase Field,Atlanta Braves,Arizona Diamondbacks,away,home,night,Mike Yastrzemski,573262,L,vs_RHP,Andrew Hoffmann,694851,R,vs_LHB,RISP,Walk,walk,0,False,False,0,Mike Yastrzemski walks. Kyle Farmer to 2nd.,Four-Seam Fastball,Ball,92.9,2309.0,-17.2,7.0,,,,,
pitch,825105,2026-04-02,2026,202604,Chase Field,Atlanta Braves,Arizona Diamondbacks,away,home,night,Ozzie Albies,645277,L,vs_RHP,Andrew Hoffmann,694851,R,vs_LHB,Empty,Strikeout,strikeout,0,True,False,1,Ozzie Albies strikes out swinging.,Four-Seam Fastball,Swinging Strike,93.8,2286.0,-14.4,7.9,,,,,
pitch,825105,2026-04-02,2026,202604,Chase Field,Arizona Diamondbacks,Atlanta Braves,home,away,night,Ketel Marte,606466,L,vs_RHP,Osvaldo Bido,674370,R,vs_LHB,Empty,Lineout,field_out,0,True,False,1,Ketel Marte lines out to left fielder Mike Yastrzemski.,Four-Seam Fastball,"In play, out(s)",95.6,2497.0,-12.4,9.2,98.5,21.0,321.0,line_drive,medium
pitch,825105,2026-04-02,2026,202604,Chase Field,Arizona Diamondbacks,Atlanta Braves,home,away,night,James McCann,543510,R,vs_RHP,Osvaldo Bido,674370,R,vs_RHB,Empty,Groundout,field_out,0,True,False,1,"James McCann grounds out, shortstop Mauricio Dubón to first baseman Matt Olson.",Sinker,"In play, out(s)",95.0,2350.0,-23.0,14.4,99.8,-19.0,8.0,ground_ball,medium
pitch,825105,2026-04-02,2026,202604,Chase Field,Arizona Diamondbacks,Atlanta Braves,home,away,night,Jose Fernandez,699912,R,vs_RHP,Osvaldo Bido,674370,R,vs_RHB,Empty,Groundout,field_out,0,True,False,1,"Jose Fernandez grounds out, third baseman Kyle Farmer to first baseman Matt Olson.",Sinker,"In play, out(s)",94.6,2395.0,-26.3,17.8,101.0,-16.0,10.0,ground_ball,medium
pitch,825105,2026-04-02,2026,202604,Chase Field,Atlanta Braves,Arizona Diamondbacks,away,home,night,Michael Harris II,671739,L,vs_RHP,James McCann,543510,R,vs_LHB,Men_On,Single,single,0,False,False,0,Michael Harris II singles on a sharp line drive to right fielder Jorge Barrosa.,Eephus,"In play, no out",40.5,952.0,-157.4,4.6,111.6,22.0,370.0,line_drive,hard
pitch,825105,2026-04-02,2026,202604,Chase Field,Atlanta Braves,Arizona Diamondbacks,away,home,night,Jorge Mateo,622761,R,vs_RHP,James McCann,543510,R,vs_RHB,Empty,Home Run,home_run,2,False,True,0,Jorge Mateo homers (1) on a fly ball to left field. Michael Harris II scores.,Eephus,"In play, run(s)",42.7,974.0,-135.1,3.1,104.6,24.0,353.0,fly_ball,medium
pitch,825105,2026-04-02,2026,202604,Chase Field,Atlanta Braves,Arizona Diamondbacks,away,home,night,Mauricio Dubón,643289,R,vs_RHP,James McCann,543510,R,vs_RHB,Men_On,Single,single,0,False,False,0,Mauricio Dubón singles on a ground ball to shortstop Jose Fernandez.,Eephus,"In play, no out",37.8,843.0,-176.0,0.2,92.0,-9.0,14.0,ground_ball,medium
pitch,825105,2026-04-02,2026,202604,Chase Field,Atlanta Braves,Arizona Diamondbacks,away,home,night,Eli White,642201,R,vs_RHP,James McCann,543510,R,vs_RHB,Men_On,Flyout,field_out,0,True,False,1,Eli White flies out to center fielder Alek Thomas.,Eephus,"In play, out(s)",38.1,889.0,-171.2,1.9,87.5,28.0,319.0,fly_ball,medium
pitch,825105,2026-04-02,2026,202604,Chase Field,Atlanta Braves,Arizona Diamondbacks,away,home,night,Drake Baldwin,686948,L,vs_RHP,James McCann,543510,R,vs_LHB,RISP,Single,single,0,False,False,0,Drake Baldwin singles on a ground ball to first baseman Carlos Santana. Mauricio Dubón to 2nd.,Eephus,"In play, no out",39.2,868.0,-161.8,2.5,81.4,1.0,46.0,ground_ball,medium
pitch,825105,2026-04-02,2026,202604,Chase Field,Atlanta Braves,Arizona Diamondbacks,away,home,night,Matt Olson,621566,L,vs_RHP,James McCann,543510,R,vs_LHB,RISP,Double,double,1,False,True,0,Matt Olson doubles (4) on a sharp fly ball to center fielder Alek Thomas. Mauricio Dubón scores. Drake Baldwin to 3rd.,Eephus,"In play, run(s)",39.2,905.0,-160.4,3.0,105.2,27.0,418.0,fly_ball,hard
pitch,825105,2026-04-02,2026,202604,Chase Field,Atlanta Braves,Arizona Diamondbacks,away,home,night,Kyle Farmer,571657,R,vs_RHP,James McCann,543510,R,vs_RHB,RISP,Sac Fly,sac_fly,1,True,True,1,Kyle Farmer out on a sacrifice fly to left fielder Tim Tawa. Drake Baldwin scores.,Eephus,"In play, run(s)",38.9,902.0,-166.0,3.7,91.5,32.0,351.0,fly_ball,medium
pitch,825105,2026-04-02,2026,202604,Chase Field,Atlanta Braves,Arizona Diamondbacks,away,home,night,Mike Yastrzemski,573262,L,vs_RHP,James McCann,543510,R,vs_LHB,RISP,Double,double,1,False,True,0,Mike Yastrzemski doubles (2) on a fly ball to left fielder Tim Tawa. Matt Olson scores.,Eephus,"In play, run(s)",39.0,906.0,-165.2,0.4,94.0,17.0,246.0,fly_ball,medium
pitch,825105,2026-04-02,2026,202604,Chase Field,Atlanta Braves,Arizona Diamondbacks,away,home,night,Ozzie Albies,645277,R,vs_RHP,James McCann,543510,R,vs_RHB,RISP,Single,single,0,False,False,0,Ozzie Albies singles on a line drive to center fielder Alek Thomas. Mike Yastrzemski to 3rd.,Eephus,"In play, no out",36.7,845.0,-192.8,-2.2,107.7,11.0,202.0,line_drive,medium
pitch,825105,2026-04-02,2026,202604,Chase Field,Atlanta Braves,Arizona Diamondbacks,away,home,night,Michael Harris II,671739,L,vs_RHP,James McCann,543510,R,vs_LHB,Empty,Lineout,field_out,0,True,False,1,Michael Harris II lines out sharply to right fielder Jorge Barrosa.,Eephus,"In play, out(s)",41.2,917.0,-147.2,0.7,111.6,21.0,314.0,line_drive,hard
pitch,825105,2026-04-02,2026,202604,Chase Field,Arizona Diamondbacks,Atlanta Braves,home,away,night,Gabriel Moreno,672515,R,vs_RHP,Osvaldo Bido,674370,R,vs_RHB,Men_On,Walk,walk,0,False,False,0,Gabriel Moreno walks.,Sinker,Ball,93.7,2353.0,-20.6,13.7,,,,,
pitch,825105,2026-04-02,2026,202604,Chase Field,Arizona Diamondbacks,Atlanta Braves,home,away,night,Alek Thomas,677950,L,vs_RHP,Osvaldo Bido,674370,R,vs_LHB,Men_On,Lineout,field_out,0,True,False,1,Alek Thomas lines out sharply to center fielder Michael Harris II.,Four-Seam Fastball,"In play, out(s)",95.6,2536.0,-16.0,6.7,106.7,15.0,350.0,line_drive,hard
pitch,825105,2026-04-02,2026,202604,Chase Field,Arizona Diamondbacks,Atlanta Braves,home,away,night,Ildemaro Vargas,545121,L,vs_RHP,Osvaldo Bido,674370,R,vs_LHB,RISP,Double,double,1,False,True,0,Ildemaro Vargas doubles (1) on a line drive to right fielder Eli White. Gabriel Moreno scores.,Four-Seam Fastball,"In play, run(s)",93.7,2370.0,-17.6,9.2,88.5,18.0,271.0,line_drive,medium
pitch,825105,2026-04-02,2026,202604,Chase Field,Arizona Diamondbacks,Atlanta Braves,home,away,night,Carlos Santana,467793,L,vs_RHP,Osvaldo Bido,674370,R,vs_LHB,RISP,Strikeout,strikeout,0,True,False,1,Carlos Santana strikes out swinging.,Slider,Swinging Strike (Blocked),85.7,2404.0,-41.3,-3.5,,,,,
pitch,825105,2026-04-02,2026,202604,Chase Field,Arizona Diamondbacks,Atlanta Braves,home,away,night,Tim Tawa,694374,R,vs_RHP,Osvaldo Bido,674370,R,vs_RHB,Empty,Pop Out,field_out,0,True,False,1,Tim Tawa pops out to first baseman Matt Olson.,Sinker,"In play, out(s)",93.4,2264.0,-23.5,14.8,62.1,51.0,166.0,popup,medium
pitch,823242,2026-04-02,2026,202604,Oracle Park,New York Mets,San Francisco Giants,away,home,night,Francisco Lindor,596019,R,vs_LHP,Robbie Ray,592662,L,vs_RHB,Men_On,Walk,walk,0,False,False,0,Francisco Lindor walks.,Slider,Ball,83.7,2060.0,-35.2,2.8,,,,,
pitch,823242,2026-04-02,2026,202604,Oracle Park,New York Mets,San Francisco Giants,away,home,night,Juan Soto,665742,L,vs_LHP,Robbie Ray,592662,L,vs_LHB,Men_On,Forceout,force_out,0,True,False,2,"Juan Soto grounds into a force out, first baseman Casey Schmitt to shortstop Willy Adames. Francisco Lindor out at 2nd. Juan Soto to 1st.",Slider,"In play, out(s)",85.0,2218.0,-34.1,1.7,75.8,-38.0,5.0,ground_ball,medium
pitch,823242,2026-04-02,2026,202604,Oracle Park,New York Mets,San Francisco Giants,away,home,night,Bo Bichette,666182,R,vs_LHP,Robbie Ray,592662,L,vs_RHB,RISP,Double,double,1,False,True,0,Bo Bichette doubles (1) on a line drive to left fielder Heliot Ramos. Juan Soto scores.,Slider,"In play, run(s)",85.7,2277.0,-33.7,4.0,97.5,22.0,307.0,line_drive,medium
pitch,823242,2026-04-02,2026,202604,Oracle Park,New York Mets,San Francisco Giants,away,home,night,Jorge Polanco,593871,R,vs_LHP,Robbie Ray,592662,L,vs_RHB,RISP,Lineout,field_out,0,True,False,1,Jorge Polanco lines out to shortstop Willy Adames.,Four-Seam Fastball,"In play, out(s)",92.6,2312.0,-12.1,-7.0,73.4,13.0,169.0,line_drive,medium
pitch,823242,2026-04-02,2026,202604,Oracle Park,New York Mets,San Francisco Giants,away,home,night,Luis Robert Jr.,673357,R,vs_LHP,Robbie Ray,592662,L,vs_RHB,Empty,Flyout,field_out,0,True,False,1,Luis Robert Jr. flies out sharply to center fielder Harrison Bader.,Four-Seam Fastball,"In play, out(s)",94.3,2376.0,-13.0,-11.2,102.1,37.0,369.0,fly_ball,hard
pitch,823242,2026-04-02,2026,202604,Oracle Park,San Francisco Giants,New York Mets,home,away,night,Willy Adames,642715,R,vs_LHP,David Peterson,656849,L,vs_RHB,Empty,Strikeout,strikeout,0,True,False,1,Willy Adames strikes out swinging.,Slider,Swinging Strike,85.7,2161.0,-32.0,0.0,,,,,
pitch,823242,2026-04-02,2026,202604,Oracle Park,San Francisco Giants,New York Mets,home,away,night,Rafael Devers,646240,L,vs_LHP,David Peterson,656849,L,vs_LHB,Men_On,Single,single,0,False,False,0,Rafael Devers singles on a sharp ground ball to right fielder Tyrone Taylor.,Sinker,"In play, no out",91.6,2025.0,-27.1,-9.4,94.9,7.0,108.0,ground_ball,hard
pitch,823242,2026-04-02,2026,202604,Oracle Park,San Francisco Giants,New York Mets,home,away,night,Heliot Ramos,671218,R,vs_LHP,David Peterson,656849,L,vs_RHB,Men_On,Forceout,force_out,0,True,False,2,"Heliot Ramos grounds into a force out, shortstop Francisco Lindor to second baseman Marcus Semien. Rafael Devers out at 2nd. Heliot Ramos to 1st.",Changeup,"In play, out(s)",86.3,1696.0,-32.9,-14.2,95.3,2.0,61.0,ground_ball,medium
pitch,823242,2026-04-02,2026,202604,Oracle Park,San Francisco Giants,New York Mets,home,away,night,Luis Arraez,650333,L,vs_LHP,David Peterson,656849,L,vs_LHB,RISP,Triple,triple,1,False,True,0,Luis Arraez triples (1) on a fly ball to right fielder Tyrone Taylor. Heliot Ramos scores.,Four-Seam Fastball,"In play, run(s)",91.1,2144.0,-19.0,-4.3,97.2,26.0,344.0,fly_ball,medium
pitch,823242,2026-04-02,2026,202604,Oracle Park,San Francisco Giants,New York Mets,home,away,night,Matt Chapman,656305,R,vs_LHP,David Peterson,656849,L,vs_RHB,RISP,Double,double,1,False,True,0,Matt Chapman doubles (1) on a line drive to right fielder Tyrone Taylor. Luis Arraez scores.,Changeup,"In play, run(s)",86.2,1522.0,-34.3,-13.1,89.1,24.0,286.0,line_drive,medium
pitch,823242,2026-04-02,2026,202604,Oracle Park,San Francisco Giants,New York Mets,home,away,night,Jung Hoo Lee,808982,L,vs_LHP,David Peterson,656849,L,vs_LHB,Men_On,Field Error,field_error,0,False,True,0,"Jung Hoo Lee reaches on a missed catch error by pitcher David Peterson, assist to first baseman Mark Vientos. Matt Chapman scores.",Sinker,"In play, run(s)",91.9,2090.0,-24.2,-6.8,99.5,-2.0,48.0,ground_ball,medium
pitch,823242,2026-04-02,2026,202604,Oracle Park,San Francisco Giants,New York Mets,home,away,night,Harrison Bader,664056,R,vs_LHP,David Peterson,656849,L,vs_RHB,Empty,Forceout,force_out,0,True,False,2,"Harrison Bader grounds into a force out, shortstop Francisco Lindor to second baseman Marcus Semien. Jung Hoo Lee out at 2nd.",Sinker,"In play, out(s)",90.9,2126.0,-24.5,-8.0,102.2,-5.0,24.0,ground_ball,medium
pitch,823242,2026-04-02,2026,202604,Oracle Park,New York Mets,San Francisco Giants,away,home,night,Mark Vientos,668901,R,vs_LHP,Robbie Ray,592662,L,vs_RHB,Empty,Home Run,home_run,1,False,True,0,Mark Vientos homers (1) on a fly ball to left field.,Slider,"In play, run(s)",85.5,2236.0,-33.7,2.2,108.6,30.0,406.0,fly_ball,medium
pitch,823242,2026-04-02,2026,202604,Oracle Park,New York Mets,San Francisco Giants,away,home,night,Marcus Semien,543760,R,vs_LHP,Robbie Ray,592662,L,vs_RHB,Empty,Flyout,field_out,0,True,False,1,Marcus Semien flies out to right fielder Jung Hoo Lee.,Four-Seam Fastball,"In play, out(s)",93.2,2391.0,-12.6,-10.0,93.6,50.0,275.0,fly_ball,medium
pitch,823242,2026-04-02,2026,202604,Oracle Park,New York Mets,San Francisco Giants,away,home,night,Francisco Alvarez,682626,R,vs_LHP,Robbie Ray,592662,L,vs_RHB,Empty,Strikeout,strikeout,0,True,False,1,Francisco Alvarez called out on strikes.,Four-Seam Fastball,Called Strike,94.6,2461.0,-11.6,-9.7,,,,,
pitch,823242,2026-04-02,2026,202604,Oracle Park,New York Mets,San Francisco Giants,away,home,night,Tyrone Taylor,621438,R,vs_LHP,Robbie Ray,592662,L,vs_RHB,Empty,Strikeout,strikeout,0,True,False,1,Tyrone Taylor called out on strikes.,Four-Seam Fastball,Called Strike,94.5,2354.0,-11.9,-10.4,,,,,
pitch,823242,2026-04-02,2026,202604,Oracle Park,San Francisco Giants,New York Mets,home,away,night,Daniel Susac,691740,R,vs_LHP,David Peterson,656849,L,vs_RHB,Men_On,Single,single,0,False,False,0,Daniel Susac singles on a line drive to right fielder Tyrone Taylor.,Curveball,"In play, no out",79.0,2280.0,-49.8,5.8,86.0,17.0,254.0,line_drive,medium
pitch,823242,2026-04-02,2026,202604,Oracle Park,San Francisco Giants,New York Mets,home,away,night,Casey Schmitt,669477,R,vs_LHP,David Peterson,656849,L,vs_RHB,RISP,Single,single,0,False,False,0,"Casey Schmitt singles on a fly ball to center fielder Luis Robert Jr., deflected by second baseman Marcus Semien. Daniel Susac to 2nd.",Slider,"In play, no out",86.2,2275.0,-32.4,3.0,74.9,47.0,224.0,fly_ball,medium
pitch,823242,2026-04-02,2026,202604,Oracle Park,San Francisco Giants,New York Mets,home,away,night,Willy Adames,642715,R,vs_LHP,David Peterson,656849,L,vs_RHB,RISP,Grounded Into DP,grounded_into_double_play,0,True,False,2,"Willy Adames grounds into a double play, shortstop Francisco Lindor to second baseman Marcus Semien to first baseman Mark Vientos. Daniel Susac to 3rd. Casey Schmitt out at 2nd. Willy Adames out at 1st.",Sinker,"In play, out(s)",91.7,2084.0,-25.3,-12.4,103.2,-3.0,26.0,ground_ball,medium
pitch,823242,2026-04-02,2026,202604,Oracle Park,San Francisco Giants,New York Mets,home,away,night,Rafael Devers,646240,L,vs_LHP,David Peterson,656849,L,vs_LHB,Empty,Strikeout,strikeout,0,True,False,1,Rafael Devers strikes out swinging.,Four-Seam Fastball,Swinging Strike,91.7,2241.0,-19.7,-2.4,,,,,
pitch,823242,2026-04-02,2026,202604,Oracle Park,New York Mets,San Francisco Giants,away,home,night,Francisco Lindor,596019,R,vs_LHP,Robbie Ray,592662,L,vs_RHB,Men_On,Walk,walk,0,False,False,0,Francisco Lindor walks.,Four-Seam Fastball,Ball,94.5,2315.0,-12.7,-8.8,,,,,
pitch,823242,2026-04-02,2026,202604,Oracle Park,New York Mets,San Francisco Giants,away,home,night,Juan Soto,665742,L,vs_LHP,Robbie Ray,592662,L,vs_LHB,Men_On,Strikeout,strikeout,0,True,False,1,Juan Soto strikes out swinging.,Slider,Swinging Strike,86.9,2192.0,-30.0,3.1,,,,,
pitch,823242,2026-04-02,2026,202604,Oracle Park,New York Mets,San Francisco Giants,away,home,night,Bo Bichette,666182,R,vs_LHP,Robbie Ray,592662,L,vs_RHB,Men_On,Flyout,field_out,0,True,False,1,Bo Bichette flies out sharply to center fielder Harrison Bader.,Slider,"In play, out(s)",86.1,2181.0,-29.9,0.8,104.0,33.0,390.0,fly_ball,hard
pitch,823242,2026-04-02,2026,202604,Oracle Park,New York Mets,San Francisco Giants,away,home,night,Jorge Polanco,593871,R,vs_LHP,Robbie Ray,592662,L,vs_RHB,Empty,Strikeout,strikeout,0,True,False,1,Jorge Polanco strikes out swinging.,Changeup,Swinging Strike,85.4,1375.0,-29.3,-5.8,,,,,
pitch,823242,2026-04-02,2026,202604,Oracle Park,San Francisco Giants,New York Mets,home,away,night,Heliot Ramos,671218,R,vs_LHP,David Peterson,656849,L,vs_RHB,Men_On,Single,single,0,False,False,0,Heliot Ramos singles on a sharp line drive to left fielder Juan Soto.,Changeup,"In play, no out",83.7,1848.0,-35.9,-13.3,111.3,11.0,214.0,line_drive,hard
pitch,823242,2026-04-02,2026,202604,Oracle Park,San Francisco Giants,New York Mets,home,away,night,Luis Arraez,650333,L,vs_LHP,David Peterson,656849,L,vs_LHB,RISP,Single,single,0,False,False,0,Luis Arraez singles on a ground ball to right fielder Tyrone Taylor. Heliot Ramos to 2nd.,Sinker,"In play, no out",90.8,2041.0,-25.7,-11.8,92.9,-2.0,37.0,ground_ball,medium
pitch,823242,2026-04-02,2026,202604,Oracle Park,San Francisco Giants,New York Mets,home,away,night,Matt Chapman,656305,R,vs_LHP,David Peterson,656849,L,vs_RHB,Loaded,Single,single,0,False,False,0,Matt Chapman singles on a soft ground ball to third baseman Bo Bichette. Heliot Ramos to 3rd. Luis Arraez to 2nd.,Sinker,"In play, no out",91.5,2192.0,-26.4,-12.4,,,,ground_ball,soft
pitch,823242,2026-04-02,2026,202604,Oracle Park,San Francisco Giants,New York Mets,home,away,night,Jung Hoo Lee,808982,L,vs_LHP,David Peterson,656849,L,vs_LHB,RISP,Sac Fly,sac_fly,1,True,True,1,Jung Hoo Lee out on a sacrifice fly to center fielder Luis Robert Jr. Heliot Ramos scores. Luis Arraez to 3rd.,Sinker,"In play, run(s)",91.8,1896.0,-24.2,-9.7,100.4,20.0,361.0,line_drive,hard
pitch,823242,2026-04-02,2026,202604,Oracle Park,San Francisco Giants,New York Mets,home,away,night,Harrison Bader,664056,R,vs_LHP,David Peterson,656849,L,vs_RHB,Men_On,Sac Fly,sac_fly,1,True,True,1,Harrison Bader out on a sacrifice fly to center fielder Luis Robert Jr. Luis Arraez scores.,Sinker,"In play, run(s)",91.9,2126.0,-22.2,-9.0,102.6,23.0,368.0,fly_ball,hard
pitch,823242,2026-04-02,2026,202604,Oracle Park,San Francisco Giants,New York Mets,home,away,night,Daniel Susac,691740,R,vs_LHP,David Peterson,656849,L,vs_RHB,RISP,Single,single,0,False,False,0,Daniel Susac singles on a ground ball to left fielder Juan Soto. Matt Chapman to 2nd.,Sinker,"In play, no out",92.0,2152.0,-22.0,-4.8,104.4,8.0,135.0,ground_ball,medium
pitch,823242,2026-04-02,2026,202604,Oracle Park,San Francisco Giants,New York Mets,home,away,night,Casey Schmitt,669477,R,vs_LHP,David Peterson,656849,L,vs_RHB,Loaded,Walk,walk,0,False,False,0,Casey Schmitt walks.,Sinker,Ball,90.3,2047.0,-29.2,-12.6,,,,,
pitch,823242,2026-04-02,2026,202604,Oracle Park,San Francisco Giants,New York Mets,home,away,night,Willy Adames,642715,R,vs_LHP,David Peterson,656849,L,vs_RHB,Empty,Strikeout,strikeout,0,True,False,1,Willy Adames strikes out swinging.,Four-Seam Fastball,Swinging Strike,93.1,2167.0,-18.0,-7.8,,,,,
pitch,823242,2026-04-02,2026,202604,Oracle Park,New York Mets,San Francisco Giants,away,home,night,Luis Robert Jr.,673357,R,vs_LHP,Robbie Ray,592662,L,vs_RHB,Men_On,Walk,walk,0,False,False,0,Luis Robert Jr. walks.,Four-Seam Fastball,Ball,92.1,2398.0,-12.2,-11.6,,,,,
pitch,823242,2026-04-02,2026,202604,Oracle Park,New York Mets,San Francisco Giants,away,home,night,Mark Vientos,668901,R,vs_LHP,Robbie Ray,592662,L,vs_RHB,Men_On,Strikeout,strikeout,0,True,False,1,Mark Vientos strikes out swinging.,Changeup,Swinging Strike,85.9,1402.0,-27.2,-11.2,,,,,
pitch,823242,2026-04-02,2026,202604,Oracle Park,New York Mets,San Francisco Giants,away,home,night,Marcus Semien,543760,R,vs_LHP,Robbie Ray,592662,L,vs_RHB,Men_On,Pop Out,field_out,0,True,False,1,Marcus Semien pops out to first baseman Casey Schmitt.,Four-Seam Fastball,"In play, out(s)",93.4,2377.0,-13.6,-12.2,88.1,71.0,136.0,popup,medium
pitch,823242,2026-04-02,2026,202604,Oracle Park,New York Mets,San Francisco Giants,away,home,night,Francisco Alvarez,682626,R,vs_LHP,Robbie Ray,592662,L,vs_RHB,RISP,Single,single,0,False,False,0,Francisco Alvarez singles on a ground ball to third baseman Matt Chapman. Luis Robert Jr. to 2nd.,Four-Seam Fastball,"In play, no out",94.5,2287.0,-12.5,-9.4,59.5,-43.0,5.0,ground_ball,medium
pitch,823242,2026-04-02,2026,202604,Oracle Park,New York Mets,San Francisco Giants,away,home,night,Tyrone Taylor,621438,R,vs_LHP,Robbie Ray,592662,L,vs_RHB,Empty,Flyout,field_out,0,True,False,1,Tyrone Taylor flies out to left fielder Heliot Ramos.,Slider,"In play, out(s)",85.4,2213.0,-29.8,3.5,86.4,32.0,323.0,fly_ball,medium
pitch,823242,2026-04-02,2026,202604,Oracle Park,San Francisco Giants,New York Mets,home,away,night,Rafael Devers,646240,L,vs_LHP,David Peterson,656849,L,vs_LHB,Empty,Groundout,field_out,0,True,False,1,"Rafael Devers grounds out, first baseman Mark Vientos to pitcher David Peterson.",Slider,"In play, out(s)",83.5,2231.0,-35.3,2.9,86.2,-43.0,4.0,ground_ball,medium
pitch,823242,2026-04-02,2026,202604,Oracle Park,San Francisco Giants,New York Mets,home,away,night,Heliot Ramos,671218,R,vs_LHP,David Peterson,656849,L,vs_RHB,Empty,Strikeout,strikeout,0,True,False,1,Heliot Ramos strikes out swinging.,Curveball,Swinging Strike,81.2,2324.0,-46.2,8.6,,,,,
pitch,823242,2026-04-02,2026,202604,Oracle Park,San Francisco Giants,New York Mets,home,away,night,Luis Arraez,650333,L,vs_LHP,David Peterson,656849,L,vs_LHB,Empty,Strikeout,strikeout,0,True,False,1,Luis Arraez called out on strikes.,Sinker,Called Strike,91.3,2162.0,-31.2,-8.5,,,,,
pitch,823242,2026-04-02,2026,202604,Oracle Park,New York Mets,San Francisco Giants,away,home,night,Francisco Lindor,596019,R,vs_LHP,Robbie Ray,592662,L,vs_RHB,Empty,Strikeout,strikeout,0,True,False,1,Francisco Lindor strikes out swinging.,Four-Seam Fastball,Swinging Strike,93.1,2365.0,-13.1,-10.0,,,,,
pitch,823242,2026-04-02,2026,202604,Oracle Park,New York Mets,San Francisco Giants,away,home,night,Juan Soto,665742,L,vs_LHP,Robbie Ray,592662,L,vs_LHB,Empty,Lineout,field_out,0,True,False,1,Juan Soto lines out to right fielder Jung Hoo Lee.,Knuckle Curve,"In play, out(s)",80.9,2204.0,-48.6,5.8,87.1,24.0,302.0,line_drive,medium
pitch,823242,2026-04-02,2026,202604,Oracle Park,New York Mets,San Francisco Giants,away,home,night,Bo Bichette,666182,R,vs_LHP,Robbie Ray,592662,L,vs_RHB,Empty,Strikeout,strikeout,0,True,False,1,Bo Bichette strikes out swinging.,Changeup,Swinging Strike,86.0,1622.0,-28.9,-11.2,,,,,
pitch,823242,2026-04-02,2026,202604,Oracle Park,San Francisco Giants,New York Mets,home,away,night,Matt Chapman,656305,R,vs_LHP,David Peterson,656849,L,vs_RHB,Empty,Groundout,field_out,0,True,False,1,"Matt Chapman grounds out, first baseman Mark Vientos to pitcher David Peterson.",Slider,"In play, out(s)",84.6,2206.0,-35.5,1.9,62.9,3.0,42.0,ground_ball,medium
pitch,823242,2026-04-02,2026,202604,Oracle Park,San Francisco Giants,New York Mets,home,away,night,Jung Hoo Lee,808982,L,vs_LHP,David Peterson,656849,L,vs_LHB,Men_On,Walk,walk,0,False,False,0,Jung Hoo Lee walks.,Sinker,Ball,91.6,2118.0,-28.7,-10.8,,,,,
pitch,823242,2026-04-02,2026,202604,Oracle Park,San Francisco Giants,New York Mets,home,away,night,Harrison Bader,664056,R,vs_LHP,Sean Manaea,640455,L,vs_RHB,Men_On,Flyout,field_out,0,True,False,1,Harrison Bader flies out to left fielder Juan Soto.,Four-Seam Fastball,"In play, out(s)",89.5,2151.0,-21.8,-14.3,99.9,40.0,346.0,fly_ball,medium
pitch,823242,2026-04-02,2026,202604,Oracle Park,San Francisco Giants,New York Mets,home,away,night,Daniel Susac,691740,R,vs_LHP,Sean Manaea,640455,L,vs_RHB,RISP,Walk,walk,0,False,False,0,Daniel Susac walks. Jung Hoo Lee to 2nd.,Sinker,Ball,90.0,2031.0,-31.1,-19.1,,,,,
pitch,823242,2026-04-02,2026,202604,Oracle Park,San Francisco Giants,New York Mets,home,away,night,Casey Schmitt,669477,R,vs_LHP,Sean Manaea,640455,L,vs_RHB,RISP,Single,single,1,False,True,0,Casey Schmitt singles on a line drive to left fielder Juan Soto. Jung Hoo Lee scores. Daniel Susac to 3rd.,Cutter,"In play, run(s)",82.9,2180.0,-31.8,3.1,83.6,26.0,267.0,line_drive,medium
pitch,823242,2026-04-02,2026,202604,Oracle Park,San Francisco Giants,New York Mets,home,away,night,Willy Adames,642715,R,vs_LHP,Sean Manaea,640455,L,vs_RHB,Empty,Strikeout,strikeout,0,True,False,1,"Willy Adames challenged (pitch result), call on the field was confirmed: Willy Adames called out on strikes.",Sweeper,Called Strike,76.0,2308.0,-46.7,12.1,,,,,
pitch,823242,2026-04-02,2026,202604,Oracle Park,New York Mets,San Francisco Giants,away,home,night,Jorge Polanco,593871,R,vs_LHP,Robbie Ray,592662,L,vs_RHB,Empty,Lineout,field_out,0,True,False,1,Jorge Polanco lines out to center fielder Harrison Bader.,Changeup,"In play, out(s)",83.4,1468.0,-29.9,-10.3,84.4,25.0,312.0,line_drive,medium
pitch,823242,2026-04-02,2026,202604,Oracle Park,New York Mets,San Francisco Giants,away,home,night,Luis Robert Jr.,673357,R,vs_RHP,Ryan Walker,676254,R,vs_RHB,Empty,Strikeout,strikeout,0,True,False,1,"Daniel Susac challenged (pitch result), call on the field was overturned: Luis Robert Jr. called out on strikes.",Sinker,Called Strike,93.8,2302.0,-28.8,19.2,,,,,
pitch,823242,2026-04-02,2026,202604,Oracle Park,New York Mets,San Francisco Giants,away,home,night,Mark Vientos,668901,R,vs_RHP,Ryan Walker,676254,R,vs_RHB,Empty,Flyout,field_out,0,True,False,1,Mark Vientos flies out to center fielder Harrison Bader.,Slider,"In play, out(s)",83.9,2643.0,-34.0,-18.8,73.4,33.0,261.0,fly_ball,medium
pitch,823242,2026-04-02,2026,202604,Oracle Park,San Francisco Giants,New York Mets,home,away,night,Rafael Devers,646240,L,vs_LHP,Sean Manaea,640455,L,vs_LHB,Empty,Home Run,home_run,1,False,True,0,Rafael Devers homers (1) on a fly ball to center field.,Four-Seam Fastball,"In play, run(s)",89.9,1887.0,-21.0,-10.8,105.5,29.0,404.0,fly_ball,medium
pitch,823242,2026-04-02,2026,202604,Oracle Park,San Francisco Giants,New York Mets,home,away,night,Heliot Ramos,671218,R,vs_LHP,Sean Manaea,640455,L,vs_RHB,Empty,Lineout,field_out,0,True,False,1,Heliot Ramos lines out sharply to left fielder Juan Soto.,Changeup,"In play, out(s)",80.6,1446.0,-40.9,-10.1,108.8,18.0,324.0,line_drive,hard
pitch,823242,2026-04-02,2026,202604,Oracle Park,San Francisco Giants,New York Mets,home,away,night,Luis Arraez,650333,L,vs_LHP,Sean Manaea,640455,L,vs_LHB,Empty,Lineout,field_out,0,True,False,1,Luis Arraez lines out to left fielder Juan Soto.,Four-Seam Fastball,"In play, out(s)",90.1,1939.0,-23.8,-15.5,88.7,21.0,262.0,line_drive,medium
pitch,823242,2026-04-02,2026,202604,Oracle Park,San Francisco Giants,New York Mets,home,away,night,Matt Chapman,656305,R,vs_LHP,Sean Manaea,640455,L,vs_RHB,Empty,Pop Out,field_out,0,True,False,1,Matt Chapman pops out to first baseman Mark Vientos in foul territory.,Four-Seam Fastball,"In play, out(s)",89.9,1996.0,-24.2,-12.5,78.0,62.0,160.0,popup,medium
pitch,823242,2026-04-02,2026,202604,Oracle Park,New York Mets,San Francisco Giants,away,home,night,Marcus Semien,543760,R,vs_RHP,Blade Tidwell,694918,R,vs_RHB,Men_On,Single,single,0,False,False,0,Marcus Semien singles on a ground ball to shortstop Willy Adames.,Sweeper,"In play, no out",84.5,2878.0,-33.7,-15.0,81.4,-3.0,27.0,ground_ball,medium
pitch,823242,2026-04-02,2026,202604,Oracle Park,New York Mets,San Francisco Giants,away,home,night,Francisco Alvarez,682626,R,vs_RHP,Blade Tidwell,694918,R,vs_RHB,Empty,Grounded Into DP,grounded_into_double_play,0,True,False,2,"Francisco Alvarez grounds into a double play, third baseman Matt Chapman to second baseman Luis Arraez to first baseman Casey Schmitt. Marcus Semien out at 2nd. Francisco Alvarez out at 1st.",Sinker,"In play, out(s)",94.5,2106.0,-15.8,16.7,99.4,-12.0,11.0,ground_ball,medium
pitch,823242,2026-04-02,2026,202604,Oracle Park,New York Mets,San Francisco Giants,away,home,night,Tyrone Taylor,621438,R,vs_RHP,Blade Tidwell,694918,R,vs_RHB,Empty,Groundout,field_out,0,True,False,1,"Tyrone Taylor grounds out, shortstop Willy Adames to first baseman Casey Schmitt.",Sweeper,"In play, out(s)",84.7,2919.0,-37.1,-10.4,93.4,-15.0,8.0,ground_ball,medium
pitch,823242,2026-04-02,2026,202604,Oracle Park,San Francisco Giants,New York Mets,home,away,night,Jung Hoo Lee,808982,L,vs_LHP,Sean Manaea,640455,L,vs_LHB,Empty,Lineout,field_out,0,True,False,1,Jung Hoo Lee lines out to left fielder Juan Soto.,Four-Seam Fastball,"In play, out(s)",91.3,2109.0,-21.0,-14.6,92.4,23.0,290.0,line_drive,medium
pitch,823242,2026-04-02,2026,202604,Oracle Park,San Francisco Giants,New York Mets,home,away,night,Harrison Bader,664056,R,vs_LHP,Sean Manaea,640455,L,vs_RHB,Empty,Strikeout,strikeout,0,True,False,1,Harrison Bader strikes out swinging.,Four-Seam Fastball,Swinging Strike,90.7,2063.0,-19.3,-10.2,,,,,
pitch,823242,2026-04-02,2026,202604,Oracle Park,San Francisco Giants,New York Mets,home,away,night,Daniel Susac,691740,R,vs_LHP,Sean Manaea,640455,L,vs_RHB,Men_On,Single,single,0,False,False,0,Daniel Susac singles on a ground ball to center fielder Luis Robert Jr.,Four-Seam Fastball,"In play, no out",90.6,1961.0,-23.3,-12.5,104.7,5.0,138.0,ground_ball,medium
pitch,823242,2026-04-02,2026,202604,Oracle Park,San Francisco Giants,New York Mets,home,away,night,Casey Schmitt,669477,R,vs_LHP,Sean Manaea,640455,L,vs_RHB,RISP,Single,single,0,False,False,0,Casey Schmitt singles on a ground ball to center fielder Luis Robert Jr. Daniel Susac to 2nd.,Sweeper,"In play, no out",75.8,2164.0,-49.0,10.4,85.6,8.0,129.0,ground_ball,medium
pitch,823242,2026-04-02,2026,202604,Oracle Park,San Francisco Giants,New York Mets,home,away,night,Willy Adames,642715,R,vs_LHP,Sean Manaea,640455,L,vs_RHB,Loaded,Walk,walk,0,False,False,0,Willy Adames walks. Daniel Susac to 3rd. Casey Schmitt to 2nd.,Four-Seam Fastball,Ball,90.0,2088.0,-19.0,-12.1,,,,,
pitch,823242,2026-04-02,2026,202604,Oracle Park,San Francisco Giants,New York Mets,home,away,night,Rafael Devers,646240,L,vs_LHP,Sean Manaea,640455,L,vs_LHB,Empty,Groundout,field_out,0,True,False,1,"Rafael Devers grounds out, shortstop Francisco Lindor to first baseman Mark Vientos.",Sinker,"In play, out(s)",90.5,2067.0,-29.6,-20.5,73.1,-18.0,7.0,ground_ball,medium
pitch,823242,2026-04-02,2026,202604,Oracle Park,New York Mets,San Francisco Giants,away,home,night,Francisco Lindor,596019,L,vs_RHP,Blade Tidwell,694918,R,vs_LHB,Empty,Lineout,field_out,0,True,False,1,Francisco Lindor lines out to right fielder Jung Hoo Lee.,Four-Seam Fastball,"In play, out(s)",95.4,2164.0,-13.3,8.8,84.5,24.0,262.0,line_drive,medium
pitch,823242,2026-04-02,2026,202604,Oracle Park,New York Mets,San Francisco Giants,away,home,night,Juan Soto,665742,L,vs_RHP,Blade Tidwell,694918,R,vs_LHB,Men_On,Single,single,0,False,False,0,Juan Soto singles on a line drive to center fielder Harrison Bader.,Sweeper,"In play, no out",83.4,2760.0,-31.7,-11.6,76.0,23.0,228.0,line_drive,medium
pitch,823242,2026-04-02,2026,202604,Oracle Park,New York Mets,San Francisco Giants,away,home,night,Bo Bichette,666182,R,vs_RHP,Blade Tidwell,694918,R,vs_RHB,Empty,Double Play,double_play,0,True,False,2,"Bo Bichette lines into an unassisted double play, first baseman Casey Schmitt. Juan Soto out at 1st.",Four-Seam Fastball,"In play, out(s)",97.3,2077.0,-13.7,9.0,88.8,8.0,147.0,line_drive,medium
pitch,823242,2026-04-02,2026,202604,Oracle Park,San Francisco Giants,New York Mets,home,away,night,Heliot Ramos,671218,R,vs_LHP,Sean Manaea,640455,L,vs_RHB,Empty,Groundout,field_out,0,True,False,1,"Heliot Ramos grounds out, shortstop Francisco Lindor to first baseman Mark Vientos.",Sinker,"In play, out(s)",88.2,2028.0,-32.0,-20.9,80.7,-4.0,20.0,ground_ball,medium
pitch,823242,2026-04-02,2026,202604,Oracle Park,San Francisco Giants,New York Mets,home,away,night,Luis Arraez,650333,L,vs_LHP,Sean Manaea,640455,L,vs_LHB,Empty,Flyout,field_out,0,True,False,1,Luis Arraez flies out to left fielder Juan Soto.,Changeup,"In play, out(s)",82.7,1450.0,-38.4,-14.5,89.2,36.0,303.0,fly_ball,medium
pitch,823242,2026-04-02,2026,202604,Oracle Park,San Francisco Giants,New York Mets,home,away,night,Matt Chapman,656305,R,vs_LHP,Sean Manaea,640455,L,vs_RHB,Empty,Groundout,field_out,0,True,False,1,"Matt Chapman grounds out, shortstop Francisco Lindor to first baseman Mark Vientos.",Sinker,"In play, out(s)",88.9,2032.0,-30.7,-19.9,91.7,-4.0,19.0,ground_ball,medium
pitch,823242,2026-04-02,2026,202604,Oracle Park,New York Mets,San Francisco Giants,away,home,night,Jorge Polanco,593871,L,vs_RHP,Blade Tidwell,694918,R,vs_LHB,Empty,Pop Out,field_out,0,True,False,1,Jorge Polanco pops out to third baseman Matt Chapman.,Sweeper,"In play, out(s)",82.8,2738.0,-35.2,-9.7,55.7,48.0,138.0,popup,medium
pitch,823242,2026-04-02,2026,202604,Oracle Park,New York Mets,San Francisco Giants,away,home,night,Luis Robert Jr.,673357,R,vs_RHP,Blade Tidwell,694918,R,vs_RHB,Empty,Strikeout,strikeout,0,True,False,1,Luis Robert Jr. strikes out on a foul tip.,Sweeper,Foul Tip,83.5,2649.0,-35.8,-8.6,,,,,
pitch,823242,2026-04-02,2026,202604,Oracle Park,New York Mets,San Francisco Giants,away,home,night,Mark Vientos,668901,R,vs_RHP,Blade Tidwell,694918,R,vs_RHB,Empty,Strikeout,strikeout,0,True,False,1,Mark Vientos strikes out swinging.,Sweeper,Swinging Strike,83.7,2710.0,-32.9,-19.3,,,,,
